"name","counts","id","artistart","song_names_list"
"Beyoncé",44,"6vWDO969PvNqNYHIOW5v0m","https://i.scdn.co/image/ab6761610000e5eb247f44069c0bd1781df2f785","1.03' Bonnie & Clyde,2.I Was Here,3.Single Ladies (Put a Ring on It),4.Halo,5.CUFF IT,6.Schoolin' Life,7.Party,8.Until The End of Time,9.Love On Top,10.ALIEN SUPERSTAR,11.Love On Top,12.CUFF IT,13.ALIEN SUPERSTAR,14.Love Drought,15.CUFF IT,16.CUFF IT,17.MOVE,18.CUFF IT,19.I'M THAT GIRL,20.Rocket,21.Rocket,22.Speechless,23.CUFF IT,24.Suga Mama,25.Single Ladies (Put a Ring on It),26.CUFF IT,27.Poison,28.CUFF IT,29.Signs,30.HEATED,31.Sweet Dreams,32.VIRGO'S GROOVE,33.Crazy In Love,34.Love Drought,35.No Angel,36.Dangerously In Love,37.Pretty Hurts,38.Part II (On The Run),39.Daddy Lessons,40.ALIEN SUPERSTAR,41.Naughty Girl,42.Single Ladies (Put a Ring on It),43.TYRANT,44.03' Bonnie & Clyde"
"H.E.R.",43,"3Y7RZ31TRPVadSFVy1o8os","https://i.scdn.co/image/ab6761610000e5eb417db49cde3ed1c5a65e3514","1.Comfortable,2.Rather Be,3.Best Part,4.Let Me In,5.Best Part,6.Say It Again,7.Every Kind of Way,8.Comfortable,9.Every Kind of Way,10.Best Part,11.Best Part,12.Hard Place,13.Come Through,14.Facts,15.Do To Me,16.Damage,17.I'm Not OK,18.My Song,19.Wait For It,20.Slow Down,21.Fate,22.Hard To Love,23.Closer To Me,24.Every Kind of Way,25.Hard Place,26.Feel A Way,27.Slide,28.Best Part,29.Losing,30.As I Am,31.Univited,32.Chronicles,33.Best Part,34.Every Kind of Way,35.Comfortable,36.Comfortable,37.Losing,38.Could've Been ,39.Damage,40.Best Part,41.Damage,42.Could've Been ,43.Paradise"
"Victoria Monét",19,"63XBtGSEZINSyXylZxEUbv","https://i.scdn.co/image/ab6761610000e5eb8aa5ecea5e4cfe121164fbfb","1.We Might Even Be Falling In Love (Interlude),2.Touch Me,3.Touch Me,4.Touch Me,5.Touch Me,6.Go There With You,7.We Might Even Be Falling In Love (Interlude),8.More Of You,9.Touch Me,10.Moment,11.We Might Even Be Falling In Love (Interlude),12.F.U.C.K,13.Moment,14.Girls Need Love (Girls Mix),15.Alright,16.Stop (Askin' Me 4Shyt),17.Coastin',18.More Of You,19.Touch Me"
"Kehlani",17,"0cGUm45nv7Z6M6qdXYQGTX","https://i.scdn.co/image/ab6761610000e5eb7c1477b5efba46636dbe1874","1.Touch Me,2.Touch Me,3.Water,4.Touch Me,5.Feels,6.Honey,7.Can I,8.1st Position ,9.Honey,10.Morning ,11.Distraction,12.Distraction,13.Body Count (Remix),14.Can I,15.You Know Wassup,16.Nunya,17.Touch Me"
"USHER",17,"23zg3TcAtWQy7J6upgbUnj","https://i.scdn.co/image/ab6761610000e5eb716114797a4a644c67c5fa72","1.Confessions Part II,2.Caught Up,3.Bad Girl,4.Bad Girl,5.Confessions Part II,6.Superstar,7.Crush,8.Yeah!,9.Good Love,10.Can U Handle It?,11.U Got It Bad,12.U Don't Have to Call,13.There Goes My Baby,14.OMG,15.Hey Daddy (Daddy's Home),16.Burn ,17.Bad Girl"
"JAY-Z",16,"3nFkdlSjzX9mRTtwJOzDYB","https://i.scdn.co/image/ab6761610000e5ebc75afcd5a9027f60eaebb5e4","1.03' Bonnie & Clyde,2.Best Of Me (Part 2),3.Best Of Me (Part 2),4.Crazy In Love,5.The City Is Mine,6.Allure,7.D'evils,8.Part II (On The Run),9.Oceans,10.Fuck All Nite,11.More Money More Cash Moe Hoes,12.Feelin' It,13.U Don't Know,14.Imaginary Players,15.What More Can I Say,16.03' Bonnie & Clyde"
"Whitney Houston",12,"6XpaIBNiVzIetEPCWDvAFP","https://i.scdn.co/image/ab6761610000e5ebcd9f60ab57585bf3b77ecc51","1.I Believe In You And Me,2.It's Not Right But It's Okay,3.I Have Nothing,4.I Will Always Love You,5.I Will Always Love You,6.How Will I Know,7.I Will Always Love You,8.Count On Me,9.Greatest Love of All,10.Jesus Loves Me,11.Saving All My Love for You,12.Jesus Loves Me"
"Janelle Monáe",11,"6ueGR6SWhUJfvEhqkvMsVs","https://i.scdn.co/image/ab6761610000e5eb5dab878686269b7b8f4c3ab1","1.Make Me Feel,2.Yoga,3.Dirty Computer,4.Screwed,5.Make Me Feel,6.Make Me Feel,7.Electric Lady,8.A Dry Red,9.Lipstick Lover,10.Lipstick Lover,11.Float"
"Janet Jackson",10,"4qwGe91Bz9K2T8jXTZ815W","https://i.scdn.co/image/ab6761610000e5eb0f883de4fcc010b48b267915","1.Rhythm Nation,2.I Want You ,3.Discipline,4.Would You Mind,5.Rhythm Nation,6.Rhythm Nation,7.Rhythm Nation,8.Funny How Time Flies (When You're Having Fun),9.Any Time Any Place,10.Would You Mind"
"Megan Thee Stallion",9,"181bsRPaVXVlUKXrxwZfHK","https://i.scdn.co/image/ab6761610000e5eb9bc4a474fc62e6945069f98b","1.Thot Shit,2.Butter,3.Megan Monday Freestyle,4.Body,5.Thot Shit,6.Hot Girl Summer,7.What's New,8.Bongos,9.Plan B"
"Ms. Lauryn Hill",9,"2Mu5NfyYm8n5iTomuKAEHl","https://i.scdn.co/image/ccb108f19352e88d6e69b1093d75a2be5efa1c99","1.The Sweetest Thing,2.Ex-Factor,3.Can't Take My Eyes Off of You - (I Love You Baby),4.Intro,5.To Zion,6.Nothing Even Matters,7.Ready or Not,8.Can't Take My Eyes Off of You - (I Love You Baby),9.Ready or Not"
"Taylor Swift",9,"06HL4z0CvFAxyc27GXpf02","https://i.scdn.co/image/ab6761610000e5ebe672b5f553298dcdccb0e676","1.august,2.You Belong With Me (Taylor's Version),3.Getaway Car,4.The Way I Loved You (Taylor's Version),5.Everything Has Changed (Taylor's Version),6.Dancing With Our Hands Tied,7.We Are Never Ever Getting Back Together (Taylor's Version),8.Shake It Off (Taylor's Version),9.Mastermind"
"Brandy",8,"05oH07COxkXKIMt6mIPRee","https://i.scdn.co/image/ab6761610000e5ebb39417aaafb9c373e78594ef","1.Sittin' Up In My Room,2.Sittin' Up In My Room,3.Moesha (Season 1) - Opening Theme,4.The Boy Is Mine,5.Sittin' Up In My Room,6.""Do I Love You Because You're Beautiful"",7.Almost Doesn't Count,8.Almost Doesn't Count"
"Daniel Caesar",8,"20wkVLutqVOYrc0kxFs7rA","https://i.scdn.co/image/ab6761610000e5ebe5bc630548fb3517cf90edb8","1.Best Part,2.Get You,3.Best Part,4.Best Part,5.Best Part,6.Best Part,7.Best Part,8.Best Part"
"Encanto Cast",8,NA,"https://i.scdn.co/image/ab67616d0000b273e1ac646ed6f25125e2a77229","1.We Don't Talk About Bruno,2.We Don't Talk About Bruno,3.Surface Pressure,4.We Don't Talk About Bruno,5.Surface Pressure,6.Surface Pressure,7.We Don't Talk About Bruno,8.We Don't Talk About Bruno"
"Jazmine Sullivan",8,"7gSjFKpVmDgC2MMsnN8CYq","https://i.scdn.co/image/ab6761610000e5ebe85d25b9286d6815ddb0d82a","1.Bodies - Intro,2.Pick Up Your Feelings,3.On It,4.On It,5.Bust Your Windows,6.Excuse Me,7.Excuse Me,8.Let It Burn"
"Jhené Aiko",8,"5ZS223C6JyBfXasXxrRqOk","https://i.scdn.co/image/ab6761610000e5ebbc7ca5ae34cffbb572660ee3","1.While We're Young,2.I'll Kill You,3.Wading,4.stranger,5.While We're Young,6.Oblivion (Creation),7.P*$$Y Fairy (OTW),8.P*$$Y Fairy (OTW)"
"Ari Lennox",7,"1vaQ6v3pOFxAIrFoPrAcom","https://i.scdn.co/image/ab6761610000e5eb721a16a6caf059eeaf7c4ee1","1.On It,2.On It,3.Pressure,4.BMO,5.Pressure,6.Get Close,7.Liquor"
"Frankie Beverly",7,"6rXycobs8wkWicUGLtmB0n","https://i.scdn.co/image/f0351adb45404fc8ca9cc399a70e32f62db5e021","1.Before I Let Go,2.Before I Let Go,3.Before I Let Go,4.Before I Let Go,5.We Are One,6.We Are One,7.Before I Let Go"
"Glass Animals",7,"4yvcSjfu4PC0CYQyLy4wSq","https://i.scdn.co/image/ab6761610000e5ebeb2cc96b0ed023c5e3675b6f","1.Hot Sugar,2.Gooey,3.Hot Sugar,4.It's All So Incredibly Loud,5.Heat Waves - Slowed,6.Your Love (Déjà Vu),7.Waterfalls Coming Out Your Mouth"
"Maze",7,"3DvdryKH4O95ZnsUZJKXpt","https://i.scdn.co/image/7f93363a42998f6a6259b85b135893c0fc8278f0","1.Before I Let Go,2.Before I Let Go,3.Before I Let Go,4.Before I Let Go,5.We Are One,6.We Are One,7.Before I Let Go"
"Rihanna",7,"5pKCCKE2ajJHZ9KAiaK11H","https://i.scdn.co/image/ab6761610000e5eb99e4fca7c0b7cb166d915789","1.Te Amo,2.Pour It Up,3.S&M,4.Wild Thoughts,5.Rude Boy,6.Farewell,7.LOYALTY"
"Drake",6,"3TVXtAsR1Inumwj472S9r4","https://i.scdn.co/image/ab6761610000e5eb4293385d324db8558179afd9","1.Girls Want Girls,2.Only,3.Own It,4.In My Feeling,5.Search & Rescue,6.Stay Schemin"
"Earth, Wind & Fire",6,"4QQgXkCYTt3BlENzhyNETg","https://i.scdn.co/image/ab6761610000e5eb9722e16a886767adf1178f92","1.Love's Dance,2.September,3.September,4.Let's Groove,5.September,6.Can't Hide Love"
"Fall Out Boy",6,"4UXqAaa6dQYAk18Lv7PEgX","https://i.scdn.co/image/ab6761610000e5eb362011ebe6064c38e97e9aac","1.Thnks fr th Mmrs,2.Bang The Doldrums,3.""From Now On We Are Enemies"",4.I Wanna Dance With Somebody (Who Loves Me) - Recorded at Spotify Studios NYC,5.20 Dollar Nose Bleed,6.Hold Me Like A Grudge"
"Mariah Carey",6,"4iHNK0tOyZPYnBU7nGAgpQ","https://i.scdn.co/image/ab6761610000e5eb21b66418f7f3b86967f85bce","1.All I Want for Christmas Is You,2.All I Want for Christmas Is You,3.Underneath the Stars,4.Fantasy,5.Fantasy,6.We Belong Together"
"Mary J. Blige",6,"1XkoF8ryArs86LZvFOkbyr","https://i.scdn.co/image/ab6761610000e5ebc9795e444b70d04beca52d5a","1.Reminisce,2.Share My World,3.Work In Progress (Growing Pains),4.Everything,5.I Can Love You,6.Share My World"
"Michael Jackson",6,"3fMbdgg4jU18AjLCKBhRSm","https://i.scdn.co/image/ab6761610000e5eb997cc9a4aec335d46c9481fd","1.Remember the Time,2.Thriller,3.Rock with You,4.Don't Stop 'Til You Get Enough,5.Thriller,6.Ease On Down The Road #1 (The Wiz)"
"SZA",6,"7tYKF4w9nC0nq9CsPZTHyP","https://i.scdn.co/image/ab6761610000e5eb0895066d172e1f51f520bc65","1.20 Something,2.Low,3.Snooze,4.Hit Different,5.Snooze,6.Shirt"
"T-Pain",6,"3aQeKQSyrW4qWr35idm0cy","https://i.scdn.co/image/ab6761610000e5eb10b37a100a8628efe540d1ef","1.Bartender,2.Bartender,3.I'm Sprung,4.Low,5.Up Down (Do This All Day),6.Good Life"
"2Pac",5,"1ZwdS5xdxEREPySFridCfh","https://i.scdn.co/image/ab6761610000e5eb7f5cc432c9c109248ebec1ac","1.Hit 'Em Up,2.Hit 'Em Up,3.California Love ,4.Ambitionz Az A Ridah,5.Hit 'Em Up"
"Aaliyah",5,"0urTpYCsixqZwgNTkPJOJ4","https://i.scdn.co/image/ab6761610000e5ebd2493cea701d45401cc79ffd","1.At Your Best (You Are Love),2.4 Page Letter,3.Come Over,4.At Your Best (You Are Love),5.At Your Best (You Are Love)"
"Alicia Keys",5,"3DiDSECUqqY1AuBP8qtaIa","https://i.scdn.co/image/ab6761610000e5ebebfd16a3bca87c31c1e20576","1.Fallin',2.You Don't Know My Name,3.Un-thinkable (I'm Ready),4.Un-thinkable (I'm Ready),5.No One"
"Anita Baker",5,"46CH1Gp8l8QVly8bpG9JFG","https://i.scdn.co/image/ab6761610000e5eb493566931abd16170b8e4df3","1.Angel,2.Angel,3.Caught Up In the Rapture,4.You Bring Me Joy,5.Giving You the Best That I Got (Single Version)"
"Boyz II Men",5,"6O74knDqdv3XaWtkII7Xjp","https://i.scdn.co/image/c8b0d67be35852171d04d7309c2cfe1992a8a4eb","1.Hey Lover,2.Let It Snow,3.Hey Lover,4.Hey Lover,5.A Song For Mama"
"Cardi B",5,"4kYSro6naA4h99UJvo89HB","https://i.scdn.co/image/ab6761610000e5eb4e8a7e14e2f602eb9af24e31","1.Tomorrow 2,2.Money,3.Bongos,4.MotorSport,5.Tomorrow 2"
"Chaka Khan",5,"6mQfAAqZGBzIfrmlZCeaYT","https://i.scdn.co/image/ab6761610000e5eb87b0c6a4811964bd1b7d701f","1.Ain't Nobody,2.Ain't Nobody,3.Ain't Nobody,4.Ain't Nobody,5.Sweet Thing"
"Lil Wayne",5,"55Aa2cqylxrFIXC767Z865","https://i.scdn.co/image/ab6761610000e5ebc1c08e541eae3cc82c6988c4","1.Only,2.Bandz A Make Her Dance,3.Mrs. Officer,4.Tunechi's Back,5.You"
"Ludacris",5,"3ipn9JLAPI5GUEo4y4jcoi","https://i.scdn.co/image/adcc1cb654e89f2e404688ae0d1bbc942ce02e5d","1.Stand Up,2.Yeah!,3.Country Sh*t (Remix),4.Rollercoaster,5.Tonight (Best You Ever Had)"
"Rufus",5,"3MCjwjfIor5FkK3h639qkW","https://i.scdn.co/image/4a36e06de8d3b2378a1e614fa610a6795008bf5a","1.Ain't Nobody,2.Ain't Nobody,3.Ain't Nobody,4.Ain't Nobody,5.Sweet Thing"
"Sade",5,"47zz7sob9NUcODy0BTDvKx","https://i.scdn.co/image/ab6761610000e5eb92883b0e094a36d2f43ad284","1.Cherish the Day,2.By Your Side,3.Love Is Stronger Than Pride,4.The Sweetest Taboo,5.Nothing Can Come Between Us"
"syd B",5,"6cBSgFUoVWA9CIA159x2Jr","https://i.scdn.co/image/ab6761610000e5ebf46993f9a06f2c513ecc9172","1.ARE YOU FEELING IT TOO?,2.ARE YOU FEELING IT TOO?,3.ARE YOU FEELING IT TOO?,4.ARE YOU FEELING IT TOO?,5.ARE YOU FEELING IT TOO?"
"Bruno Mars",4,"0du5cEVh5yTK9QJze8zA0C","https://i.scdn.co/image/ab6761610000e5ebc36dd9eb55fb0db4911f25dd","1.Wake Up in the Sky,2.Love's Train,3.Count On Me,4.24K Magic"
"Bryson Tiller",4,"2EMAnMvWE2eb56ToJVfCWs","https://i.scdn.co/image/ab6761610000e5eb078fdd734b7f0aa782328428","1.Wild Thoughts,2.Could've Been ,3.Don't,4.Could've Been "
"Ciara",4,"2NdeV5rLm47xAvogXrYhJX","https://i.scdn.co/image/ab6761610000e5eb7aba0bf3576fe56c2b367c83","1.One, Two Step (feat. Missy Elliot),2.Body  Party,3.The Title,4.Level Up"
"Doja Cat",4,"5cj0lLjcoR7YOSnhnX0Po5","https://i.scdn.co/image/ab6761610000e5ebe94f88ff74ae4ddcab961f97","1.Woman,2.Woman,3.Rules,4.Like That"
"John Legend",4,"5y2Xq6xcjJb2jVM54GHK3t","https://i.scdn.co/image/ab6761610000e5eb01784e44ffd1a339350f4417","1.Home,2.One Last Dance,3.So High,4.Tonight (Best You Ever Had)"
"JoJo",4,"5xuNBZoM7z1Vv8IQ6uM0p6","https://i.scdn.co/image/ab6761610000e5eb7f5338888bacde64445c90e8","1.Love Reggae,2.Mad Love.,3.Cheat,4.Worst (I Assume)"
"Kelly Rowland",4,"3AuMNF8rQAKOzjYppFNAoB","https://i.scdn.co/image/ab6761610000e5eb7c614a2b3cedfc53e4679c2e","1.Put Your Name On It,2.Love Again,3.Keep It Between Us,4.Coffee"
"Kendrick Lamar",4,"2YZyLoL8N0Wb9xBt1NhZWg","https://i.scdn.co/image/ab6761610000e5eb437b9e2a82505b3d93ff1022","1.PRIDE.,2.Bitch, Don't Kill My Vibe,3.The Art of Peer Pressure,4.LOYALTY"
"LL COOL J",4,"1P8IfcNKwrkQP5xJWuhaOC","https://i.scdn.co/image/ab6761610000e5ebfdfbad2b88a64e661a6e6400","1.Hey Lover,2.Hey Lover,3.Mama Said Knock You Out,4.Hey Lover"
"Luther Vandross",4,"19y5MFBH7gohEdGwKM7QsP","https://i.scdn.co/image/ab6761610000e5ebc609e4ef97e896a2b32b1473","1.Evergreen,2.Have Yourself a Merry Little Christmas,3.If This World Were Mine,4.Here and Now"
"Missy Elliott",4,"2wIVse2owClT7go1WT98tk","https://i.scdn.co/image/ab6761610000e5ebf6691f40d906f097e9fbaa4c","1.One, Two Step (feat. Missy Elliot),2.Signs,3.Free Yourself,4.Oops (Oh My)"
"Monica",4,"6nzxy2wXs6tLgzEtqOkEi2","https://i.scdn.co/image/ab6761610000e5ebe511dad92fbc2626144a02a2","1.Breathe,2.Love All Over Me,3.The Boy Is Mine,4.Angel of Mine"
"Nicki Minaj",4,"0hCNtLu0JehylgoiP8L4Gh","https://i.scdn.co/image/ab6761610000e5eb07a50f0a9a8f11e5a1102cbd","1.Only,2.Hot Girl Summer,3.Itty Bitty Piggy ,4.MotorSport"
"Normani",4,"2cWZOOzeOm4WmBJRnD5R7I","https://i.scdn.co/image/ab6761610000e5ebdc6e85ec0f93f5b2cf475487","1.Motivation,2.Fair,3.Motivation,4.Body Count (Remix)"
"Panic! At The Disco",4,"20JZFwl6HVl6yg8a4H3ZqK","https://i.scdn.co/image/ab6761610000e5ebb256ae9a4b82bfff97776ae2","1.Lying Is the Most Fun a Girl Can Have Without Taking Her Clothes Off,2.Don't Threaten Me with a Good Time,3.Vegas Lights,4.LA Devotee"
"Snoh Aalegra",4,"1A9o3Ljt67pFZ89YtPPL5X","https://i.scdn.co/image/ab6761610000e5eb04ae2067ae0171af5cbf1cf1","1.Find Someone Like You,2.LOST YOU,3.I Want You Around,4.Whoa"
"Stevie Wonder",4,"7guDJrEfX3qb6FEbdPA5qi","https://i.scdn.co/image/c59faacbed7aa770266bad048660810eca204108","1.Happy Birthday,2.Happy Birthday,3.Happy Birthday,4.Happy Birthday"
"SWV",4,"2NmK5FyrQ18HOPXq1UBzqa","https://i.scdn.co/image/ab6761610000e5eb2c43fa54ddf21c961d2fd6c3","1.I'm So Into You,2.You're Always On My Mind,3.Weak,4.I'm So Into You"
"Tamia",4,"0le01dl1WllSHhjEXRl4in","https://i.scdn.co/image/ab6761610000e5ebcf35587ec242fd403b683687","1.Last First Kiss,2.So Into You,3.Can't Get Enough,4.Still"
"Tanerélle",4,"1r1n66Rkx4fzNCIUQhS6OH","https://i.scdn.co/image/ab6761610000e5eb8a001c2feae1f63ef2bc72c9","1.Nothing Without You,2.Good Good,3.Love from NGC 7318,4.Good Good"
"The Neighbourhood",4,"77SW9BnxLY8rJ0RciFqkHh","https://i.scdn.co/image/ab6761610000e5ebdf0b5ac84376a0a4b2166816","1.#icanteven,2.Afraid,3.Softcore,4.Void"
"The Notorious B.I.G.",4,"5me0Irg2ANcsgc93uaYrpb","https://i.scdn.co/image/1b4858fbd24046a81cace5ee18d19c868262b91f","1.Mo Money Mo Problems,2.Mo Money Mo Problems,3.One More Chance / Stay With Me,4.Notorious Thugs"
"6LACK",3,"4IVAbR2w4JJNJDDRFP3E83","https://i.scdn.co/image/ab6761610000e5ebf8e7a2d1a01fd98e43ee57dc","1.Pretty Little Fears,2.Imported,3.Free"
"Adele",3,"4dpARuHxo51G3z768sgnrY","https://i.scdn.co/image/ab6761610000e5eb68f6e5892075d7f22615bd17","1.Someone Like You,2.One And Only,3.Chasing Pavements"
"Anika Noni Rose",3,"4fqk0Vw0VrIY8O2eWtmQO2","https://i.scdn.co/image/ab67616d0000b2736ca3c9c2e80a6129806a76c9","1.Almost There,2.Almost There,3.Almost There"
"Aretha Franklin",3,"7nwUJBm0HE4ZxD3f5cy5ok","https://i.scdn.co/image/ab6761610000e5ebf12270128127ba170f90097d","1.Bridge over Troubled Water ,2.O Christmas Tree,3.Ain't No Way"
"Ashanti",3,"5rkVyNGXEgeUqKkB5ccK83","https://i.scdn.co/image/ab6761610000e5eb1ebb81323a96e465ad20b932","1.Foolish,2.Unfoolish,3.Rain On Me"
"Beach Weather",3,"7I3bkknknQkIiatWiupQgD","https://i.scdn.co/image/ab6761610000e5eb5f316929b9b3b61a5edb8139","1.Swoon,2.Swoon,3.Sex, Drugs, Etc."
"Chris Brown",3,"7bXgB6jMjp9ATFy66eO08Z","https://i.scdn.co/image/ab6761610000e5eba48397e590a1c70e2cda7728","1.Only,2.Come Through,3.Shortie Like Mine "
"Chrisette Michele",3,"3YJMzGjAm245zwJooY7PEj","https://i.scdn.co/image/ab6761610000e5eb16ab6495d46466c342b03298","1.A Couple Of Forevers,2.Your Joy,3.A Couple Of Forevers"
"Coco Jones",3,"4DHLoiIqFYYFjH09WduvFd","https://i.scdn.co/image/ab6761610000e5eb52a68e26dd9deacbbcd99f17","1.ICU,2.ICU,3.No Chaser"
"Deborah Cox",3,"601893mmW5hl1FBOykWZHG","https://i.scdn.co/image/ab6761610000e5eb18315d5c9578cb96626f41f0","1.We Can’t Be Friends,2.We Can’t Be Friends,3.We Can’t Be Friends"
"Destiny's Child",3,"1Y8cdNmUJH7yBTd9yOvr5i","https://i.scdn.co/image/ab6761610000e5ebf75e64532704bd6acf0b4e76","1.Bills, Bills, Bills,2.Lose My Breath,3.Girl (slow/reverb)"
"Diana Ross",3,"3MdG05syQeRYPPcClLaUGl","https://i.scdn.co/image/ab6761610000e5ebdb59e1c017a93648b119f0cc","1.I'm Coming Out,2.I'm Coming Out,3.Ease On Down The Road #1 (The Wiz)"
"Ella Mai",3,"7HkdQ0gt53LP4zmHsL0nap","https://i.scdn.co/image/ab6761610000e5eb173a42b51755d3075d67831c","1.Own It,2.Boo'd Up,3.How"
"Frank Sinatra",3,"1Mxqyy3pSjf8kZZL4QVxS0","https://i.scdn.co/image/fc4e0f474fb4c4cb83617aa884dc9fd9822d4411","1.I'll Be Home For Christmas (If Only In My Dreams),2.Baby, It's Cold Outside,3.I've Got You Under My Skin"
"J. Cole",3,"6l3HvQ5sa6mXTsMTB19rO5","https://i.scdn.co/image/ab6761610000e5eb4b053c29fd4b317ff825f0dc","1.Pretty Little Fears,2.Kevin's Heart,3.All My Life"
"Jagged Edge",3,"7Aq8lpLMSt1Zxu56pe9bmp","https://i.scdn.co/image/ab6761610000e5eb2bb45e7d9626f2fec4b6465f","1.I Gotta Be,2.Let’s Get Married,3.Let’s Get Married"
"Jake & Papa",3,"0t8jcjbcfE79FcWSpIkGdR","https://i.scdn.co/image/ab6761610000e5eb140fd3e536b105589852870b","1.Do That There,2.All Night Long,3.Where the Wild Things Are"
"Jeremih",3,"3KV3p5EY4AvKxOlhGHORLg","https://i.scdn.co/image/ab6761610000e5eb8ddeab89a67542470e2631c8","1.Wet Dreamz,2.Birthday Sex,3.Dangerous "
"Jill Scott",3,"6AVLthptCPhfrxlHadOBJD","https://i.scdn.co/image/1523c231a2f7cb0c83ecf0b6e933e6033c8b38d6","1.The Way,2.He Loves Me (Lyzel in E Flat),3.Golden"
"Kiana Ledé",3,"7jZMxhsB8djyIbYmoiJSTs","https://i.scdn.co/image/ab6761610000e5eb0b615d9464bf651aa5b7d465","1.Protection.,2.I Choose You,3.I Choose You"
"Kool & The Gang",3,"3VNITwohbvU5Wuy5PC6dsI","https://i.scdn.co/image/ab6761610000e5eb69287c3f1b150bbead642499","1.Get Down On It,2.Celebration,3.Celebration"
"Lil' Kim",3,"5tth2a3v0sWwV1C7bApBdX","https://i.scdn.co/image/ab6761610000e5eb44f424402a1933b745019107","1.I Can Love You,2.Quiet Storm - Remix,3.Money, Power & Respect"
"Lloyd",3,"1Xfmvd48oOhEWkscWyEbh9","https://i.scdn.co/image/ab6761610000e5eb5de0901c4bcb8d0352b71c3f","1.You,2.Take It Low,3.BedRock"
"Metro Boomin",3,"0iEtIxbK0KxaSlF7G42ZOp","https://i.scdn.co/image/ab6761610000e5ebdf9a1555f53a20087b8c5a5c","1.Overdue - Instrumental,2.Ric Flair Drip,3.Pull Up N Wreck "
"Mitski",3,"2uYWxilOVlUdk4oV9DvwqK","https://i.scdn.co/image/ab6761610000e5eb4bdb3888818637acb71c4a13","1.Pink in the Night,2.Blue Light,3.Pink in the Night"
"Nas",3,"20qISvAhX20dpIbOOzGK3q","https://i.scdn.co/image/ab6761610000e5eb153198caeef9e3bda92f9285","1.SUN GOES DOWN,2.Shootouts,3.Phone Tap,4.Ether"
"Ne-Yo",3,"21E3waRsmPlU7jZsS13rcj","https://i.scdn.co/image/ab6761610000e5ebca118e3822061f7b7f6bc537","1.Miss Independent,2.Say It,3.Make Me Better"
"Outlawz",3,"2jp3Fk52x0HbymU0lNYbSC","https://i.scdn.co/image/ab6761610000e5eb6c0bf02007c6dee703ab3c45","1.Hit 'Em Up,2.Hit 'Em Up,3.Hit 'Em Up"
"R.L.",3,"4iwJZqoo4TmCIiISdHdhbQ","https://i.scdn.co/image/ab67616d0000b2737a75d7f0ea4f15094fdf944e","1.We Can’t Be Friends,2.We Can’t Be Friends,3.We Can’t Be Friends"
"Summer Walker",3,"57LYzLEk2LcFghVwuWbcuS","https://i.scdn.co/image/ab6761610000e5ebfade412170364e8067c9df7a","1.Shame,2.I'll Kill You,3.Girls Need Love (Girls Mix)"
"The Cheetah Girls ",3,NA,NA,"1.Amigas Cheetahs,2.Strut,3.Step Up"
"The Internet",3,"7GN9PivdemQRKjDt4z5Zv8","https://i.scdn.co/image/ab6761610000e5ebc32c5dcda378eb561f81b1f9","1.Girl,2.Girl,3.Hold On"
"The Little Mermaid Cast",3,NA,NA,"1.Kiss the Girl,2.Under the Sea,3.Kiss the Girl"
"The Temptations",3,"3RwQ26hR2tJtA8F9p2n7jG","https://i.scdn.co/image/ab6761610000e5ebec212a39ffa4182a0fff4e3c","1.My Girl,2.My Girl,3.My Girl"
"TLC",3,"0TImkz4nPqjegtVSMZnMRq","https://i.scdn.co/image/ab6761610000e5eb7356ae4581e46319f99c813a","1.No Scrubs,2.No Scrubs,3.Red Light Special"
"112",2,"7urq0VfqxEYEEiZUkebXT4","https://i.scdn.co/image/21a8b23a23a41f3736b2dd6a5df2d7dc8341ea05","1.Anywhere,2.All My Love"
"50 Cent",2,"3q7HBObVc0L8jNeTe5Gofh","https://i.scdn.co/image/dd031b9c5d1b6eba4a691cd89c954255aae787f2","1.Big Rich Town,2.I'm Supposed To Die Tonight"
"Akon",2,"0z4gvV4rjIZ9wHck67ucSV","https://i.scdn.co/image/ab6761610000e5eb3b6ab4190c7435238735b59d","1.Bartender,2.Bartender"
"Alina Baraz",2,"6hfwwpXqZPRC9CsKI7qtv1","https://i.scdn.co/image/ab6761610000e5eb04bd5a6bee2cdd5536651e77","1.Can I,2.Fantasy"
"All Time Low",2,"46gyXjRIvN1NL1eCB8GBxo","https://i.scdn.co/image/ab6761610000e5ebc42923f098c078d2caace1b7","1.Dirty Laundry,2.Oh, Calamity!"
"Ariana Grande",2,"66CXWjxzNUsdJxJ2JdwvnR","https://i.scdn.co/image/ab6761610000e5eb40b5c07ab77b6b1a9075fdc0","1.Intro,2.pov"
"August Alsina",2,"19Fi1Rj7kk8kyiwxpXy3yM","https://i.scdn.co/image/ab6761610000e5eb45ffc8f55fc50b8888e97f98","1.Kissin' On My Tattoos,2.I Luv This Shit "
"Babyface",2,"3aVoqlJOYx31lH1gibGDt3","https://i.scdn.co/image/ab6761610000e5eb9926d5cdd11ceb280a73a583","1.Two Occasions,2.Liquor"
"Bastille",2,"7EQ0qTo7fWT7DPxmxtSYEc","https://i.scdn.co/image/ab6761610000e5eba2d481cc638c0edd452b4abd","1.Those Nights,2.No One's Here To Sleep"
"Brent Faiyaz",2,"3tlXnStJ1fFhdScmQeLpuG","https://i.scdn.co/image/ab6761610000e5ebe187dca750abfd3688836309","1.Trust,2.Crew"
"Brian McKnight",2,"6k0IBR0lU42s2GYpNX7kA9","https://i.scdn.co/image/ab6761610000e5ebccd9085c5dbc5f5a991ae59c","1.Back At One,2.Let It Snow"
"Cast Of The Motion Picture Rent",2,"4vLVxKPowMj14Ou1NNUxuc","https://i.scdn.co/image/ab67616d0000b2730f9f26bde0b241179863c808","1.Life Support,2.Finale B"
"CeCe Winans",2,"3qfrrrSO7utFdJkM2tvMRb","https://i.scdn.co/image/ab6761610000e5eb8ea16d73c1bdcb00510e4bea","1.Mercy Said No,2.Count On Me"
"Chase Atlantic",2,"7cYEt1pqMgXJdq00hAwVpT","https://i.scdn.co/image/ab6761610000e5eb5d10a5bb5f78cd7819cbfad7","1.Into It,2.Friends"
"Childish Gambino",2,"73sIBHcqh3Z3NyqHKZ7FOL","https://i.scdn.co/image/ab6761610000e5ebc3dc5429b676b16d451e5f77","1.Terrified,2.This Is America"
"Chlöe",2,"1FtBEIWAwvw5ymBen5GICR","https://i.scdn.co/image/ab6761610000e5eb1a2bd8d86e982d7e12fa0456","1.Have Mercy,2.Surprise"
"City Girls",2,"37hAfseJWi0G3Scife12Il","https://i.scdn.co/image/ab6761610000e5eb5d4891c63de9b0b74a4b7b9e","1.Period (We Live),2.Good Love"
"Commodores",2,"6twIAGnYuIT1pncMAsXnEm","https://i.scdn.co/image/ab6761610000e5eb21a213a4fe1a6f9b45d3f7f9","1.Easy,2.Easy"
"Conan Gray",2,"4Uc8Dsxct0oMqx0P6i60ea","https://i.scdn.co/image/ab6761610000e5ebc1c8fa15e08cb31eeb03b771","1.Family Line,2.Family Line"
"DeBarge",2,"6is2U7I1jlI8PjxNZOHIMV","https://i.scdn.co/image/ab67616d0000b2737a5a52177044460e8e5060ae","1.Stay With Me,2.I Like It"
"Descendants Cast",2,NA,NA,"1.Queen of Mean,2.Chillin' Like a Villain"
"DESTIN CONRAD",2,"4jwROPSUkTkohLCRiyjiZZ","https://i.scdn.co/image/ab6761610000e5eb92c1a9250391de17476e59c3","1.SAME MISTAKE,2.COLORWAY"
"Diddy",2,"59wfkuBoNyhDMQGCljbUbA","https://i.scdn.co/image/ab6761610000e5eb5065f82653e9ad00fdcafa42","1.Mo Money Mo Problems,2.Mo Money Mo Problems"
"DMX",2,"1HwM5zlC5qNWhJtM00yXzG","https://i.scdn.co/image/ab6772690000c46c3074f51af22630a1c86da016","1.Money, Power & Respect,2.More Money More Cash Moe Hoes"
"Dr. Dre",2,"6DPYiyq5kWVQS4RGwxzPC7","https://i.scdn.co/image/83d2489cade1dadcdc533ddbcd74993d0ca6d4cb","1.California Love ,2.Phone Tap"
"Dua Lipa",2,"6M2wZ9GZgrQXHCFfjv46we","https://i.scdn.co/image/ab6761610000e5eb0c68f6c95232e716f0abee8d","1.Good In Bed,2.Levitating"
"Ed Sheeran",2,"6eUKZXaKkcviH0Ku9w2n3V","https://i.scdn.co/image/ab6761610000e5eb784daff754ecfe0464ddbeb9","1.Perfect,2.Everything Has Changed (Taylor's Version)"
"Empire Cast",2,"7EjxNoVjXo7gL73F2EdXVA","https://i.scdn.co/image/ab6761610000e5eba5d3bb46f9efe3913ccda2cb","1.Home Is on the Way,2.Good Enough"
"Faith Evans",2,"5NDMothbpdpq2xHqSjrrWn","https://i.scdn.co/image/ab6761610000e5eb59b1c5df87253aa6bfd1f524","1.Kissing You,2.Soon as I Get Home"
"FLETCHER",2,"5qa31A9HySw3T7MKWI9bGg","https://i.scdn.co/image/ab6761610000e5ebc0c476d8fedef598522ee5ec","1.Cherry,2.Suckerpunch"
"Floetry",2,"0un6YenPxWZ2VW4aFGMupM","https://i.scdn.co/image/b5c91aa847395f85fc88af0b443671abf36be929","1.Say Yes,2.Say Yes"
"French Montana",2,"6vXTefBL93Dj5IqAWq6OTv","https://i.scdn.co/image/ab6761610000e5eb7b75b0e84293bf1ccf24a39c","1.#icanteven,2.Stay Schemin"
"Fugees",2,"2WKdxPFRD7IqZvlIAvhMgY","https://i.scdn.co/image/dd757e1fca99ac0a3da9aa6c2969bc696cc672ce","1.Ready or Not,2.Ready or Not"
"Galimatias",2,"0tOrKkXIn3VYyVHFEPG6Xd","https://i.scdn.co/image/ab6761610000e5ebb553e219f635b43e63d4e9ac","1.Can I,2.Fantasy"
"GloRilla",2,"2qoQgPAilErOKCwE2Y8wOG","https://i.scdn.co/image/ab6761610000e5eb48f4784bc593770915aa192b","1.Tomorrow 2,2.Tomorrow 2"
"Gucci Mane",2,"13y7CgLHjMVRMDqxdx0Xdo","https://i.scdn.co/image/ab6761610000e5ebb9b77f64bd278ffde2c94428","1.Wake Up in the Sky,2.Like That"
"Hands Like Houses",2,"0u3d5PM2FuEuG5QuUdt8mT","https://i.scdn.co/image/ab6761610000e5eb1941886558fbe0c7cd3633c7","1.Torn,2.reflect (Developments)"
"Ice Cube",2,"3Mcii5XWf6E0lrY3Uky4cA","https://i.scdn.co/image/ab6761610000e5eb650e79afafd00492e33d7b8c","1.No Vaseline,2.It Was A Good Day"
"Idina Menzel",2,"73Np75Wv2tju61Eo9Zw4IR","https://i.scdn.co/image/ab6761610000e5eb163f66fedf73f7d1759cea61","1.Here I Go,2.Let it Go"
"Jessie Reyez",2,"3KedxarmBCyFBevnqQHy3P","https://i.scdn.co/image/ab6761610000e5eb9e801308a8c99d52a7f14374","1.Imported,2.Body Count (Remix)"
"Jimmie Davis",2,"0ow3Ac8tlahUoDVXbRuaRy","https://i.scdn.co/image/ab6772690000c46c6a62b3ed4a66784c09ee2e8d","1.You Are My Sunshine,2.You Are My Sunshine"
"Joe",2,"3zTOe1BtyTkwNvYZOxXktX","https://i.scdn.co/image/ab6761610000e5eb56910dd36ced0f6f3fbecacd","1.Still Not a Player,2.Big Rich Town"
"Jucee Froot",2,"7BtDOCA9U1krM87JITg6bF","https://i.scdn.co/image/ab6761610000e5ebb077632255bc2eb229722bee","1.Down in the Valley,2.Down in the Valley"
"Justin Timberlake",2,"31TPClRtHm23RisEBtV3X7","https://i.scdn.co/image/ab6761610000e5eb7a5cfe2597665a3d160e805e","1.Until The End of Time,2.SexyBack"
"Katy Perry",2,"6jJ0s89eD6GaHleKKya26X","https://i.scdn.co/image/ab6761610000e5eb5e5f676a99a81dba06cc3db6","1.365,2.I Kissed A Girl"
"KAYTRANADA",2,"6qgnBH6iDM91ipVXv28OMu","https://i.scdn.co/image/ab6761610000e5eba42067a57658919c936d932a","1.Girl,2.Girl"
"Kenny Lattimore",2,"1UjTUqWfGkof4L5HO5NmzP","https://i.scdn.co/image/ab6761610000e5eb3bebfa3d179518f77464082c","1.For You,2.For You"
"Laura Mvula",2,"0Dy94lW3txJhWQHqNXP1BT","https://i.scdn.co/image/ab6761610000e5eb9b17e61961fe300abe548391","1.She,2.Show Me Love"
"Leslie Odom Jr.",2,"3cR4rhS2hBWqI7rJEBacvN","https://i.scdn.co/image/ab6761610000e5eb446b2d505542a9424dfdfb16","1.I'll Be Home For Christmas,2.I'll Be Home For Christmas"
"Lil Baby",2,"5f7VJjfbwm532GiveGC0ZK","https://i.scdn.co/image/ab6761610000e5eb6cad3eff5adc29e20f189a6c","1.Girls Want Girls,2.Emotionally Scarred"
"Lil Durk",2,"3hcs9uc56yIGFCSy9leWe7","https://i.scdn.co/image/ab6761610000e5eb09791422702c3fa9780468d4","1.Chronicles,2.All My Life"
"Lil Jon",2,"7sfl4Xt5KmfyDs2T3SVSMK","https://i.scdn.co/image/ab6761610000e5ebf893feb44e74c8b4c15ecc95","1.Get Low,2.Yeah!,3.Salt Shaker,4.Girlfight"
"Lil Jon & The East Side Boyz",2,"3ciRvbBIVz9fBoPbtSYq4x","https://i.scdn.co/image/aafc4156598fa9f8f052ec5687e648ba9120f07e","1.Get Low,2.Salt Shaker"
"Majid Jordan",2,"4HzKw8XcD0piJmDrrPRCYk","https://i.scdn.co/image/ab6761610000e5eb7e858a6cb72979b727b5484b","1.Waiting For You"
"Mario",2,"20s0P9QLxGqKuCsGwFsp7w","https://i.scdn.co/image/ab6761610000e5eb09e3445cef22163eb8d45371","1.Just a Friend,2.I Don't Wanna Know,3.Music For Love"
"Marvin Gaye",2,"3koiLjNrgRTNbOwViDipeA","https://i.scdn.co/image/cf79bd3e5c787e2ec152eeb1ea5538b0d4cf1434","1.I Want You ,2.Inner City Blues (Make Me Wanna Holler)"
"Mase",2,"1wiBLzTI7z9RUwEpNPdFT6","https://i.scdn.co/image/80b9f130819e4e6f6783805f30d1ce148b75a50e","1.Mo Money Mo Problems,2.Mo Money Mo Problems"
"Mooski",2,"4NqH3V7GS0Igs1VyGMXEi8","https://i.scdn.co/image/ab6761610000e5eb667021719b1ef2f05379d992","1.Track Star,2.Track Star"
"Mýa",2,"6lHL3ubAMgSasKjNqKb8HF","https://i.scdn.co/image/ab6761610000e5ebfdc389563fdfb51527f4603d","1.Best Of Me (Part 2),2.Best Of Me (Part 2)"
"Next",2,"2MGT7CYlixSPxAnnkhLpaA","https://i.scdn.co/image/ab6761610000e5ebb58f9f8c32588c5bfe4388b8","1.Wifey,2.Butta Love"
"Nina Simone",2,"7G1GBhoKtEPnP86X2PvEYO","https://i.scdn.co/image/ab6761610000e5eb136c51c848c26a6cce7f9e56","1.I Put A Spell On You,2.Blackbird"
"P-Valley",2,NA,NA,"1.Down in the Valley,2.Down in the Valley"
"PARTYNEXTDOOR",2,"2HPaUgqeutzr3jx5a9WyDV","https://i.scdn.co/image/ab6761610000e5eb957320981e31e862bc2fb844","1.Thirsty,2.R e s e n t m e n t"
"Pharrell Williams",2,"2RdwBSPQiwcmiDo9kixcl8","https://i.scdn.co/image/ab6761610000e5ebf0789cd783c20985ec3deb4e","1.Blurred Lines,2.Drop It Like It's Hot"
"Prince",2,"5a2EaR3hamoenG9rDuVn8j","https://i.scdn.co/image/ab6761610000e5ebeaca358712b3fe4ed9814640","1.When Doves Cry,2.The Most Beautiful Girl In the World"
"PVRIS",2,"6oFs3qk4VepIVFdoD4jmsy","https://i.scdn.co/image/ab6761610000e5ebcb455882a724905a59af80f0","1.You and I,2.Anyone Else"
"Randy Newman",2,"3HQyFCFFfJO3KKBlUfZsyW","https://i.scdn.co/image/ab6772690000c46c7769ba2212918a4bf57e6304","1.You've Got a Friend in Me,2.You've Got a Friend in Me"
"Rick James",2,"0FrpdcVlJQqibaz5HfBUrL","https://i.scdn.co/image/e6c035ae9b2a8dd5cf6a3c5f4a0b274d5ff2a605","1.Super Freak,2.Fire And Desire"
"Robin Thicke",2,"0ZrpamOxcZybMHGg1AYtHP","https://i.scdn.co/image/ab6761610000e5eb02582bb3fa9d68f44a247f39","1.Morning Sun,2.Blurred Lines"
"Sara Bareilles",2,"2Sqr0DXoaYABbjBo9HaMkM","https://i.scdn.co/image/ab6761610000e5eb0bae7cfd3b32b10154e0b8b3","1.Gravity ,2.Miss Simone"
"Shalamar",2,"3REpOYo13YkVj1dFzda12A","https://i.scdn.co/image/ab6761610000e5ebe990ef16b45f31afd237632e","1.The Second Time Around,2.The Second Time Around"
"Shawnna",2,"4gpDA7R5796e6zbvZxGNga","https://i.scdn.co/image/57d356043734e04ddfec4742fad549796323c56a","1.Stand Up,2.Rollercoaster"
"Sia",2,"5WUlDfRSoLAfcVSX1WnrxN","https://i.scdn.co/image/ab6761610000e5eb7c997fe6951bc0926f09ba38","1.Unstoppable,2.Snowflake"
"Sofia Carson",2,"7bp2lSdh12wcA8LyB1srfJ","https://i.scdn.co/image/ab6761610000e5eba26cb5b1e204b1049ec4d6cb","1.I Hate the Way,2.I Didn't Know"
"Super Simple Songs",2,"7CdGfkCRgPhElnqy3HPJ4a","https://i.scdn.co/image/ab6761610000e5eb47e877323b9ed3e02aad1499","1.Twinkle Twinkle Little Star,2.Twinkle Twinkle Little Star"
"Tems",2,"687cZJR45JO7jhk1LHIbgq","https://i.scdn.co/image/ab6761610000e5eb22d7d6f8981c7a27bf68a382","1.Essence,2.MOVE"
"Tevin Campbell",2,"5VfqJBmXcf6ZqXoGij5qTE","https://i.scdn.co/image/ab6761610000e5ebdad32586d5d8f0550dc639b9","1.Can We Talk,2.Can We Talk"
"Teyana Taylor",2,"4ULO7IGI3M2bo0Ap7B9h8a","https://i.scdn.co/image/ab6761610000e5eb8dabeabefec7df1a02e7d61b","1.Morning ,2.Maybe"
"The Golden Gospel",2,"65yIVN0wtLFbKnDXkUtlbP","https://i.scdn.co/image/ab67616d0000b27324c8fb2176ac506919bd1663","1.Amazing Grace,2.Amazing Grace"
"The Isley Brothers",2,"53QzNeFpzAaXYnrDBbDrIp","https://i.scdn.co/image/ab6761610000e5eb6a73ed54b07cd71d3b1f4789","1.Between the Sheets,2.Footsteps in the Dark, Pts. 1 & 2"
"Timbaland",2,"5Y5TRrQiqgUO4S36tzjIRZ","https://i.scdn.co/image/ab6761610000e5ebb713079a55dcf937d241dd2b","1.Smile,2.SexyBack"
"Tinashe",2,"0NIIxcxNHmOoyBx03SfTCD","https://i.scdn.co/image/ab6761610000e5eba669f860c74c9007934d2cb6","1.Love Reggae,2.Nasty"
"Tom Misch",2,"1uiEZYehlNivdK3iQyAbye","https://i.scdn.co/image/ab6761610000e5eb516a63a0cb7adbfff5a61d7f","1.Nightrider"
"Tone Stith",2,"756t7CBmWLNYsshVtS6P44","https://i.scdn.co/image/ab6761610000e5ebdcf9d3a38021053bf0451379","1.Devotion,2.Smoking In The Park (Paradise)"
"Ty Dolla $ign",2,"7c0XG5cIJTrrAgEC3ULPiq","https://i.scdn.co/image/ab6761610000e5eb24b3c0f33bc5e3f6a53f84d7","."
"V.I.C.",2,"49mHZzhcsoQB1JXWv8Q9gU","https://i.scdn.co/image/ab6761610000e5ebc4c59848b383be447561f493","1.Wobble,2.Wobble"
"Wyclef Jean",2,"7aBzpmFXB4WWpPl2F7RjBe","https://i.scdn.co/image/ab6761610000e5ebad53e714cc3481bd069bfc93","1.Ready or Not,2.Ready or Not"
"Ying Yang Twins",2,"44PA0rCQXikgOWbfY7Fq7m","https://i.scdn.co/image/8a522c7faa13cf4321ca6bea075fd97f75f40cfe","1.Get Low,2.Salt Shaker"
"Yo Trane",2,"4W49e48G0gg1pucAN6JiGH","https://i.scdn.co/image/ab6761610000e5eb4e2a9c7ea303a14921c57f84","1.Late Night Drive,2.Late Night Drive"
"Yuna",2,"3kHVioJpVxlazAAKQ64pC1","https://i.scdn.co/image/ab6761610000e5eb332583960ae0f0a1aa243dea","1.Crush,2.Talk About It"
"ZAYN",2,"5ZsFI1h6hIdQRw2ti0hz81","https://i.scdn.co/image/ab6761610000e5eb7a1fba1bb3618ef71355f82a","1.PILLOWTALK,2.TiO"
"*NSYNC",1,"6Ff53KvcvAj5U7Z1vojB5o","https://i.scdn.co/image/ab6761610000e5eb9414ef07d0ca697726912df1","1.Bye Bye Bye"
"2 Chainz",1,"17lzZA2AlOHwCwFALHttmp","https://i.scdn.co/image/ab6761610000e5ebf556662d187b9191c421be1c","1.Bandz A Make Her Dance"
"2 LIVE CREW",1,"58Dx4HPzeOO3dbpD9YYEes","https://i.scdn.co/image/ab6761610000e5eb0270a9d17a7b6b629923f4e2","1.Me So Horny"
"21 Savage",1,"1URnnhqYAYcrqrcwql10ft","https://i.scdn.co/image/ab6761610000e5eb4f8f76117470957c0e81e5b2","1.Pull Up N Wreck "
"2CELLOS",1,"6Fi8CHfO8WGtu3yO8c2Mc4","https://i.scdn.co/image/ab6761610000e5eb0d3a1c0e7f2e2664774ac4cd","1.Smooth Criminal"
"5 Seconds of Summer",1,"5Rl15oVamLq7FbSb0NNBNy","https://i.scdn.co/image/ab6761610000e5eb5048d9616b459ef90f04b6d8","1.COMPLETE MESS"
"A Great Big World",1,"5xKp3UyavIBUsGy3DQdXeF","https://i.scdn.co/image/ab6761610000e5eb46416642da7b30327821d26e","1.Say Something"
"Adria Kain",1,"2egizXtrbzmhjs0SgViG8y","https://i.scdn.co/image/ab6761610000e5ebe0dd31d589a99431954c5365","1.Melt Into You"
"After 7",1,"4UPcJIhr5K5fPsm4itqT7E","https://i.scdn.co/image/ab6761610000e5ebb70581b8741ad55b0da72c89","1.Ready Or Not"
"Alec Beretz",1,"5Y4BPlrFiEr84RdmPaEOCf","https://i.scdn.co/image/ab6761610000e5eb60cce65deb253a0717577bd5","1.Lazarus"
"Alex Isley",1,"7E2ioKxoxI2J94tUkIx6As","https://i.scdn.co/image/ab6761610000e5ebd95a23b8b9a00773192e5ce5","1.SAME MISTAKE"
"Alicks",1,"60J5TDNg9Xxp9zxDXpBOjM","https://i.scdn.co/image/ab6761610000e5eb41775092521df61f748abe0a","1.Melt Away"
"Amber Run",1,"0MmnmsAuQKRFpo6vJElcaU","https://i.scdn.co/image/ab6761610000e5eb2e4e17cad52332ef56650798","1.I Found"
"Amel Larrieux",1,"4hVcxmC7igpot32EzQf7IR","https://i.scdn.co/image/693317e45d8b5e19006d6460404c17de22e114b5","1.Make Me Whole"
"Anderson.Paak",1,NA,NA,"1.Love's Train"
"André 3000",1,"74V3dE1a51skRkdII8y2C6","https://i.scdn.co/image/ab6761610000e5eb1984263efe557e8116f0780a","1.Party"
"Anthony Hamilton",1,"2DzRMyWgjuMbYvt5BLbpCo","https://i.scdn.co/image/ab6761610000e5eb1e5b3ab2f2ea0676590587ab","1.The Point Of It All"
"Anthony Ramos",1,"660YptcR0hNHJ8iEr1qcse","https://i.scdn.co/image/ab6761610000e5eb5e7e0deeb6b99d1b756763bf","1.Lose My Mind"
"Asiahn",1,"1mKtlPrXjWK6oIdk9cSOjs","https://i.scdn.co/image/ab6761610000e5eb2b1596d055916adee233421d","1.Drip"
"AURORA",1,"1WgXqy2Dd70QQOU7Ay074N","https://i.scdn.co/image/ab6761610000e5ebeefc6f13cec94fe613a6c1c8","1.Blood In The Wine"
"Avant",1,"0AunegKKH2ys98aLxq8G1A","https://i.scdn.co/image/ab6761610000e5eb1259e5ee3f75361debe3fd4d","1.My First Love"
"Avril Lavigne",1,"0p4nmQO2msCgU4IF37Wi3j","https://i.scdn.co/image/ab6761610000e5eb5c3349ddba6b8e064c1bab16","1.Girlfriend"
"AZ",1,"7HqrSDuI9lHuH1CDismTFg","https://i.scdn.co/image/ab6761610000e5eb6de585ce055095290e66eaef","1.Phone Tap"
"B.o.B",1,"5ndkK3dpZLKtBklKjxNQwT","https://i.scdn.co/image/ab6761610000e5eba0f6617187248f1488822905","1.Up Down (Do This All Day)"
"Bad Suns",1,"0YhUSm86okLWldQVwJkLlP","https://i.scdn.co/image/ab6761610000e5eb6546fcc3aaa8b8ba08ae5f32","1.Baby Blue Shades"
"Barnes Blvd.",1,"1sWWXO9dckUfAgKYJLZ8Nc","https://i.scdn.co/image/ab67616d0000b273ebbf10e24a96084b90835c81","1.Love from NGC 7318"
"Barney",1,"4rB5wLJLaXdMrXaYsOYLmK","https://i.scdn.co/image/ab6761610000e5eb9ca4a522f389c9b7e0f6c847","1.Clean Up"
"Beanie Sigel",1,"0tCtGc5vt29zFZp6KXzN50","https://i.scdn.co/image/2b2362d5b249e25e9407def35523332fa702eff1","1.More Money More Cash Moe Hoes"
"Bee Gees",1,"1LZEQNv7sE11VDY3SdxQeN","https://i.scdn.co/image/1d5a05673975ba0c378cd280344e000b0b865620","1.Stayin Alive"
"Belinda Carlisle",1,"7xkAwz0bQTGDSbkofyQt3U","https://i.scdn.co/image/ab6761610000e5eb5b8aa1f522a5ac2df6972bcd","1.Heaven Is A Place On Earth"
"Big Boi",1,"2ht3wxeT69CzyKFChNnNAB","https://i.scdn.co/image/ab6761610000e5eb7f3c0dffb5229c8734ff60b2","1.Girlfight"
"Big Freedia",1,"2gyv1akuIB9fQvXoGSPaJr","https://i.scdn.co/image/ab6761610000e5ebda286204ffc16743f0a161ae","1.Jingle Bell Rock"
"Big K.R.I.T.",1,"0CKa42Jqrc9fSFbDjePaXP","https://i.scdn.co/image/ab6761610000e5eb4d26b2de239ec5c293ad1abc","1.Country Sh*t (Remix)"
"Big Pun",1,"2Xu7q46Hf02xOoEIm4E1Qs","https://i.scdn.co/image/ab6761610000e5eb4dd28760ce53bdbc747fd598","1.Still Not a Player"
"Big Sean",1,"0c173mlxpT3dSFRgMO8XPh","https://i.scdn.co/image/ab6761610000e5eb3d5b14b45d4c3d10d23b03ff","1.Pull Up N Wreck "
"Billie Eilish",1,"6qqNVTkY8uBg9cP3Jd7DAH","https://i.scdn.co/image/ab6761610000e5eb4a21b4760d2ecb7b0dcdc8da","1.lovely"
"Billie Holiday",1,"1YzCsTRb22dQkh9lghPIrp","https://i.scdn.co/image/4efa6b6871a0f672b78b3d16fd5a03c6cd212d58","1.Summertime"
"Biz Markie",1,"22282KfMxDo2PMjnBc82I4","https://i.scdn.co/image/fb9816f075a073e0ac0be700ca8bbc558bdc9e4a","1.Just a Friend"
"blackbear",1,"2cFrymmkijnjDg9SS92EPM","https://i.scdn.co/image/ab6761610000e5eb4f7d049994ac00ed885bfbf2","1.hell is where i dreamt of u and woke up alone"
"BLACKPINK",1,"41MozSoPIsD1dJM0CLPjZF","https://i.scdn.co/image/ab6761610000e5ebc9690bc711d04b3d4fd4b87c","1.Ice Cream"
"Blackstreet",1,"2P3cjUru4H3fhSXXNxE9kA","https://i.scdn.co/image/ab6761610000e5ebf6fc18d6914f00397161ba3a","1.The City Is Mine"
"Blossoms",1,"22RISwgVJyZu9lpqAcv1F5","https://i.scdn.co/image/ab6761610000e5eb018b1883b783a647028054b5","1.How Long Will This Last?"
"Bluey",1,"6ca3AFdIIgaP4ZIW8J6zXu","https://i.scdn.co/image/ab6761610000e5ebf4104b24eeddd34326f8376a","1.Bluey Theme Tune"
"Bob Dylan",1,"74ASZWbe4lXaubB36ztrGX","https://i.scdn.co/image/ab6772690000c46cd7064356b04a156664a37c4f","1.Dark Eyes"
"Bob Marley & The Wailers",1,"2QsynagSdAqZj3U9HgDzjD","https://i.scdn.co/image/b5aae2067db80f694a980e596e7f49618c1206c9","1.Could You Be Loved"
"Bobby Helms",1,"38EmEgXkgK51MT2tPY0EoC","https://i.scdn.co/image/ab6761610000e5ebbec4ae689dc30a2b59a19038","1.Jingle Bell Rock"
"Bobby V.",1,"4HgF4KnohByNElYid7iCNb","https://i.scdn.co/image/ab6761610000e5ebcf100186c3b280c3fd7c731e","1.Mrs. Officer"
"Bone Thugs-N-Harmony",1,"5spEJXLwD1sKUdC2bnOHPg","https://i.scdn.co/image/ab6761610000e5ebb60f40ed17d0ef8d1a630c00","1.Notorious Thugs"
"Bonobo",1,"0cmWgDlu9CwTgxPhf403hb","https://i.scdn.co/image/ab6761610000e5eb37af35b51a7c9b689d86779a","1.Shadows"
"BØRNS",1,"1KP6TWI40m7p3QBTU6u2xo","https://i.scdn.co/image/ab6761610000e5ebd7958f2550c9fa80ad9028e2","1.Electric Love"
"Bow Wow",1,"7352aRY2mqSxBZwzUb6LmA","https://i.scdn.co/image/f67a804bc8323d2b5bf616926561a072649f15e4","1.Shortie Like Mine "
"Brian Wilson",1,"4Q82S0VzF8qlCb4PnSDurj","https://i.scdn.co/image/a832eaa4d4ff006a419610c2c5d37140efa00225","1.Dirty Computer"
"Bright Eyes",1,"5o206eFLx38glA2bb4zqIU","https://i.scdn.co/image/ab6761610000e5ebdc72347cdd352dfb5739f4c8","1.First Day of My Life"
"Brook Benton",1,"2ttm3uT0N1RN7vwKv1pQgh","https://i.scdn.co/image/4ada684f556acdc024c09dac0e172d92a3f94a5a","1.Baby, You've Got What It Takes"
"Brooke Valentine",1,"0yqDXjskTQI1nj9bH6W9Ze","https://i.scdn.co/image/ab6761610000e5eb521b23371064b236be38f0e0","1.Girlfight"
"BTS",1,"3Nrfpe0tUJi4K4DXYWgMUX","https://i.scdn.co/image/ab6761610000e5ebd642648235ebf3460d2d1f6a","1.Butter"
"Bun B",1,"45a6gCQWq61lIUDmr1tKuO","https://i.scdn.co/image/ffecc1334ae47af66883410d7bd7ff66cff5b4e0","1.Country Sh*t (Remix)"
"Busta Rhymes",1,"1YfEcTuGvBQ8xSD1f53UnK","https://i.scdn.co/image/ab6761610000e5eb7b31aba081ef084510cde4e3","1.Don't Cha"
"Cameo",1,"545idYhdloaSlLGBY8E9u2","https://i.scdn.co/image/ab6761610000e5eb6945dad7c71ec94838ba1836","1.Candy"
"Camila Cabello",1,"4nDoRrQiYLoBzwC5BhVJzF","https://i.scdn.co/image/ab6761610000e5eb76470faf6330235edbcb90a9","1.All These Years"
"Carlos Santana",1,"0MsXN56oNCyqorqEPViWgQ","https://i.scdn.co/image/e1bfc98896b3638caa59ef227d52fb1a2208375d","1.To Zion"
"Carpenters",1,"1eEfMU2AhEo7XnKgL7c304","https://i.scdn.co/image/ed45f575339b044d7168780a15ff457b85be851a","1.(They Long To Be) Close To You"
"Cartoon",1,"2sf28o6euxEDpYkG9dMtuM","https://i.scdn.co/image/ab6761610000e5ebedae9400f938bd85f5c08cb7","1.Why We Lose"
"Case",1,"5aEWnrN8h3MhuFUPRfaVuy","https://i.scdn.co/image/ab6761610000e5eb1c5bbf90b6a8b983d3ea2ebc","1.Happily Ever After"
"Cautious Clay",1,"6iWuBN32BqCJAeXW6o3nil","https://i.scdn.co/image/ab6761610000e5ebc7753cc598467721450ab3f2","1.Wildfire "
"Chamillionaire",1,"6vdMPayKk8YJxxeNP5oMCb","https://i.scdn.co/image/9837f337431ea4a73bf699e24c4d588028bb0fce","1.Ridin'"
"Charlie Wilson",1,"6CxZzQFUTM6AzgluGwtq5w","https://i.scdn.co/image/ab6761610000e5ebb1c55850b10bbbfa9f227236","1.You Are"
"Charlotte Sands",1,"2cAXhrWAztXGwk6r15ibW2","https://i.scdn.co/image/ab6761610000e5eb35ad4c89ab80352cdc6e218a","1.Dress"
"Chasing Grace",1,"5M6D2PqxdnZMVMCb1jNOTp","https://i.scdn.co/image/ab67616d0000b27314a73fb86ede10da65f37aea","1.Certain Things"
"Cheryl Lynn",1,"6UfoTQXaV3DuqtDVjZIxwZ","https://i.scdn.co/image/eb8be14e43cabaeed524a213d84e5f885b4269b3","1.If This World Were Mine"
"Chloe x Halle",1,"0AsThoR4KZSVktALiNcQwW","https://i.scdn.co/image/ab6761610000e5eb4cbd241d2beae9e18d224fd4","1.Wonder What She Thinks of Me"
"Chris Isaak",1,"7290H8m1Dwt8G7jm1y9CQx","https://i.scdn.co/image/ab6761610000e5ebf0026b72dcfa06ef8fd3c49b","1.Wicked Game"
"Christina Aguilera",1,"1l7ZsJRRS8wlW3WfJfPfNS","https://i.scdn.co/image/ab6761610000e5eb1fb7a2d94b56df1f8a61d779","1.Say Something"
"Citizen Queen",1,"2z7BqfKvVlkr8KVAOTBKcz","https://i.scdn.co/image/ab6761610000e5eb135011225be867d3ca1d38a3","1.XO"
"CKay",1,"048LktY5zMnakWq7PTtFrz","https://i.scdn.co/image/ab6761610000e5eb6bc8c6ddd810306da5659254","1.love nwantiti (ah ah ah)"
"Coleman Trapp",1,"3GI8jWO0jwqs0qX3OtlbqY","https://i.scdn.co/image/ab6761610000e5eb459f544cdbb0ae6fba3a6ef2","1.Why We Lose"
"Cordae",1,"0huGjMyP507tBCARyzSkrv","https://i.scdn.co/image/ab6761610000e5eb7aca2efaa0fdb91c4df7c06c","1.Chronicles"
"Corinne Bailey Rae",1,"29WzbAQtDnBJF09es0uddn","https://i.scdn.co/image/ab6761610000e5ebdcb57d08016c41fca3e221ab","1.Like A Star"
"Countess Vaughn",1,NA,NA,"1.Let Me Call You Sweetheart"
"Crywolf",1,"33o00sXuyWiApOFzo0vr0z","https://i.scdn.co/image/ab6761610000e5ebf88d0125069c387de904ec0b","1.Never Be Like You "
"Cynthia Erivo",1,"46UMQ0cW8ToR8egkBRwAxZ","https://i.scdn.co/image/ab6761610000e5eba659dee02b070f8bac41ff49","1.Fly Before You Fall"
"D'Angelo",1,"336vr2M3Va0FjyvB55lJEd","https://i.scdn.co/image/c69197fa9d01ec73e2617525b920e76b550ba2e2","1.Nothing Even Matters"
"D. Woods",1,"1Qceau3EXQ0nVywCdY8smF","https://i.scdn.co/image/bc55738723ff9ac3baec078cc3cf51c67232989c","1.Legs, Hips, Body"
"Danity Kane",1,"3FD9VAd0ppjmKbfxF4LzUh","https://i.scdn.co/image/68125870fdff456e17ad48b25d0ba948d1379515","1.Show Stopper"
"DAY26",1,"7dpKVB4mK3ufNdZOpMKtrd","https://i.scdn.co/image/45f7e711025dc10210b349f4e79e8d81a07ba2b0","1.Since You've Been Gone"
"Death Cab for Cutie",1,"0YrtvWJMgSdVrk3SfNjTbx","https://i.scdn.co/image/ab6761610000e5eb378adae733fc578108e3f534","1.I Will Possess Your Heart "
"DeCarlo",1,"0HjQbsxkkqV6Et2YoFHd48","https://i.scdn.co/image/ab6761610000e5ebec080a9d401b53c0f12a0eda","1.There For You "
"Demi Lovato",1,"6S2OmqARrzebs0tKUEyXyp","https://i.scdn.co/image/ab6761610000e5ebe106fea940fcf250f8dd5bfe","1.Ruin The Friendship"
"Dermot Kennedy",1,"5KNNVgR6LBIABRIomyCwKJ","https://i.scdn.co/image/ab6761610000e5eb01d2c1d798d01d814a830430","1.Outnumbered"
"Dido",1,"2mpeljBig2IXLXRAFO9AAs","https://i.scdn.co/image/ab6761610000e5ebf36e7b59cdaa0df8bee8e63f","1.Stan"
"Dinah Washington",1,"32LHRiof0sa4taYew9i3Fa","https://i.scdn.co/image/219cf4ef5ee4065d4b431da35b9997aaa7293c8d","1.Baby, You've Got What It Takes"
"DJ Casper",1,"5o7DmXxAI7rg7qBUvcLq2s","https://i.scdn.co/image/ab67616d0000b2738741989d40edf8577610b1aa","1.Cha Cha Slide"
"DJ Khaled",1,"0QHgL1lAIqAw0HtD7YldmP","https://i.scdn.co/image/ab6761610000e5eb084f36c2ae2da4a02494e1e5","1.Wild Thoughts"
"DJ Kool",1,"1SWGyp2nxNSyQkRX1eqoUp","https://i.scdn.co/image/ab67616d0000b27374cacf1617408f745cad3ca1","1.Let Me Clear My Throat"
"Dolly Parton",1,"32vWCbZh0xZ4o9gkz4PsEU","https://i.scdn.co/image/ab6761610000e5eb33c82e34ebf51636457796ff","1.TYRANT"
"Dom Kennedy",1,"3s8alQfNnY0roAHaJh7Xxt","https://i.scdn.co/image/ab6761610000e5eb81dbd99a7dd3f54a1944e4f6","1.Nunya"
"Donny Hathaway",1,"0HU0U9kdXEHZVxUNbuQe8S","https://i.scdn.co/image/2c9a122b0f6a1c6f083b1725f309d3a25636f4ae","1.This Christmas"
"Dorothy Kirsten",1,"3mMDsLh0ODpEuwpvn9sitk","https://i.scdn.co/image/ab67616d0000b273bd323bc0a7d2303f297d161f","1.Baby, It's Cold Outside"
"Dr. Chill",1,"02sp94ivWaP4d19xhQvIXC","https://i.scdn.co/image/ab6761610000e5ebf0b0de447b13df3afb250b5f","1.Oblivion (Creation)"
"Dru Hill",1,"1255GTUKNCLCTvH9ctD4cT","https://i.scdn.co/image/20ec81c529aabd81f6e29600423e9e7ce89b6c01","1.Rollercoaster"
"Duffy",1,"37NqXwtb6nIEqRt4EJSoIO","https://i.scdn.co/image/ab6772690000c46c50e750d1aed632c37a450ffb","1.Mercy"
"dvsn",1,"7e1ICztHM2Sc4JNLxeMXYl","https://i.scdn.co/image/ab6761610000e5ebeb241673a5bd438b51ba124e","1.Touch It (Do It Well Pt. 4)"
"E-40",1,"3crnzLy8R4lVwaigKEOz7V","https://i.scdn.co/image/ab6761610000e5eb8ca18cf65fbe696a56d9cfda","1.Tell Me When to Go"
"Egypt 80",1,"6L71LxY17w8Yzh1zUphpiW","https://i.scdn.co/image/ab6761610000e5eb68d4b08ad9d1ed9519a6836b","1.Float"
"Ella Fitzgerald",1,"5V0MlUE1Bft0mbLlND7FJz","https://i.scdn.co/image/3c1d23141059785c8a863137d176319329dc17ef","1.I Shall Not Be Moved"
"Elvis Presley",1,"43ZHCT0cAZBISjO8DG9PnE","https://i.scdn.co/image/ab6761610000e5eb9a93e273380982dff84c0d7c","1.Can't Help Falling in Love"
"Eminem",1,"7dGJo4pcD2V6oG8kP0tJRR","https://i.scdn.co/image/ab6761610000e5eba00b11c129b27a88fc72f36b","1.Stan"
"Emmy Meli",1,"71szvmFWd7TUa7b6XmXj9k","https://i.scdn.co/image/ab6761610000e5ebebe80557b2996cbf749a93f9","1.I AM WOMAN"
"EPMD",1,"3zpKjsMg2gw1St5WcWoUJN","https://i.scdn.co/image/05b891a72c523a052a810172525bd317693530e4","1.You're A Customer"
"Erykah Badu",1,"7IfculRW2WXyzNQ8djX8WX","https://i.scdn.co/image/ab6761610000e5ebfb1bc9e7ca44d473641b7842","1.Next Lifetime"
"Evelyn Champagne King",1,NA,NA,"1.Love Come Down"
"Fabolous",1,"0YWxKQj2Go9CGHCp77UOyy","https://i.scdn.co/image/ab6761610000e5ebece5603bef9fa046ef9a178c","1.Make Me Better"
"Fantasia",1,"7xAcVHPiirnUqfdqo0USb1","https://i.scdn.co/image/ab6761610000e5eb78bf731dde467f2f0c60ca6b","1.Free Yourself"
"Fifth Harmony",1,"1l8Fu6IkuTP0U5QetQJ5Xt","https://i.scdn.co/image/ab6761610000e5eb5acb3cb0a8b87d3952738b97","1.Feels - Recorded at Spotify Studios NYC"
"Five Finger Death Punch",1,"5t28BP42x2axFnqOOMg3CM","https://i.scdn.co/image/ab6761610000e5eb1e7f796a17c2dc3c28bdeeb9","1.Dying Breed"
"FKA twigs",1,"6nB0iY1cjSY1KyhYyuIIKH","https://i.scdn.co/image/ab6761610000e5eb1a8242e65195789d352c97bd","1.Papi Pacify"
"FLAME",1,"2s6kyMmJZFgPCHXU0QxJLp","https://i.scdn.co/image/ab6761610000e5eb9887cf4f5ec83a970317760f","1.Joyful Noise"
"Flo Rida",1,"0jnsk9HBra6NMjO2oANoPY","https://i.scdn.co/image/ab6761610000e5eb655ca8f3196953554b479452","1.Low"
"Frank Ocean",1,"2h93pZq0e7k5yf4dywlkpM","https://i.scdn.co/image/ab6761610000e5ebee3123e593174208f9754fab","1.Oceans"
"G-Eazy",1,"02kJSzxNuaWGqwubyUba0Z","https://i.scdn.co/image/ab6761610000e5ebb796c0db7acaf3f1b71d1e3b","1.Pass It"
"Gavin Lurssen",1,NA,NA,"1.Happily Divorced Theme Song"
"Geto Boys",1,"3f5fB1YUbkUnW7cf7I0R48","https://i.scdn.co/image/9165a299c5518f696ae5ba3e9d83d867ea54323b","1.Mind Playing Tricks on Me"
"Ginuwine",1,"7r8RF1tN2A4CiGEplkp1oP","https://i.scdn.co/image/c8bc9979554744c06b3c62b7e94b82cd9303ec81","1.In Those Jeans"
"Glacia Robinson",1,"2sJrqtiQhwAGXOBwtwVAwq","https://i.scdn.co/image/ab67616d0000b27301c707b1993fd4b3196bb0c1","1.Hold My Hand Today"
"Gladys Knight & The Pips",1,"0TF2NxkJZPQoX1H53rEFM1","https://i.scdn.co/image/17992d522bd50efb63c2a353d2baf7d6957fb6ca","1.The Night Before Christmas"
"Glee Cast",1,"0SCbttzoZTnLFebDYmAWCm","https://i.scdn.co/image/5b5a95f260ac429405e871777e3c17c9126c30ad","1.Smooth Criminal"
"Glenn Close",1,"5gYZraqDisF60MICASfpWe","https://i.scdn.co/image/de2cb0bf990d8ef71258737aa975c66779cbf512","1.You'll Be In My Heart"
"Glenn Lewis",1,"28821fRwpAWk44HfJ96PGV","https://i.scdn.co/image/f7073b6ae6cb09ae1f06adc1e697096f4b3390dc","1.Fall Again"
"GoldLink",1,"5XenQ7XfcvQdfIbpLEFaKQ","https://i.scdn.co/image/337c0f44dae54bf2e2dbea22c4a6901a3055ad27","1.Crew"
"Grace Jones",1,"2f9ZiYA2ic1r1voObUimdd","https://i.scdn.co/image/ab6761610000e5ebc1c97da9c6326675e8c493cd","1.MOVE"
"GRADES",1,"5xtS6AoBUHhaAhxC1JN3PY","https://i.scdn.co/image/799b7ec41f983e6b8f3d832f74682bd1826ba968","1.If You Let Me"
"Guus Dielissen",1,"2lBxgKTiYd4kpfnAnFyI1P","https://i.scdn.co/image/ab6761610000e5ebb30ba0d1fdbc9b51eb484758","1.Canon In D - Guitar Version"
"H-Town",1,"21gGD9dUby5ls0belA1wqZ","https://i.scdn.co/image/ab6761610000e5eb48e775ef31291768ca6bf820","1.Knockin' da Boots"
"Hal Mooney",1,NA,NA,"1.I Put A Spell On You"
"Hamzaa",1,"3TXjnAw0sg1VVdnR9fGdBs","https://i.scdn.co/image/ab6761610000e5eb1af65731fb1266c2042a6a72","1.Sunday Morning"
"Hannah Montana",1,"7nU4hB040gTmHm45YYMvqc","https://i.scdn.co/image/ab6761610000e5eb6c851c42d7b31d0ad93d4b94","1.The Best of Both Worlds"
"Hayley Kiyoko",1,"3LjhVl7GzYsza1biQjTpaN","https://i.scdn.co/image/ab6761610000e5eb9518c52fa035e0cfb3d29724","1.Cherry"
"Hollow Coves",1,"7IAFAOtc9kTYNTizhLSWM6","https://i.scdn.co/image/ab6761610000e5eb81c0e43195b10b16081a5fc4","1.The Woods"
"IDK",1,"6aiFCgyKNwF9Rv5TOxnE8E","https://i.scdn.co/image/ab6761610000e5eb06221855cf6eaa4d2ebc022d","1.Breathe"
"Idman",1,"6N13mUTgkfYEUmW8R2GH0G","https://i.scdn.co/image/ab6761610000e5eb9a8fdbb9824817d3a4b93391","1.Down For It"
"If/Then Cast",1,NA,NA,"1.Here I Go"
"India.Arie",1,"7Gf3LSwa5hh8Cjo60WhVjC","https://i.scdn.co/image/c69fddc6c3c24739dabca3f928fdaf93ffd28b3f","1.Beautiful Surprise"
"Isaac Hayes",1,"3IKV7o6WPphDB7cCWXaG3E","https://i.scdn.co/image/ab6761610000e5eb21359c0ca388c85629ed7d29","1.Walk On By"
"Ja Rule",1,"1J2VVASYAamtQ3Bt8wGgA6","https://i.scdn.co/image/ab6761610000e5ebb47b549b590b63e52c68b89b","1.I Cry"
"Jaheim",1,"4sbB4Yy6Qig51pKCIKSLw3","https://i.scdn.co/image/f6a163462d7ef7edf6a3050d9b9a5f8d6e475306","1.Could It Be"
"Jake Isaac",1,"6q94KewnCnut4Ta36dCoaB","https://i.scdn.co/image/ab6761610000e5eb20fc1380fc798ee0b770e04f","1.Talk About It"
"James Arthur",1,"4IWBUUAFIplrNtaOHcJPRM","https://i.scdn.co/image/ab6761610000e5eb2a0c6d0343c82be9dd6fce0b","1.Certain Things"
"James Ingram",1,"5bTTx0CRvZj1kRJwUsWWYo","https://i.scdn.co/image/dcd0a82176f8716c4e18420809c6939fb8bab0d3","1.I Believe I Can fly"
"Jamie Foxx",1,"7LnaAXbDVIL75IVPnndf7w","https://i.scdn.co/image/a3823abbd476fa00cdf95a9f5cbbe09d2f96add2","1.Storm (Forecass)"
"Jason Mraz",1,"4phGZZrJZRo4ElhRtViYdl","https://i.scdn.co/image/ab6761610000e5ebc3b370fc26c83312db52af14","1.I'm Yours"
"Javier",1,"4iwS6LJddmu3Rldz4aGpCi","https://i.scdn.co/image/8424cbe04d9a679d57fc366ac68690f8ad2be9bb","1.Crazy"
"Jeezy",1,"4yBK75WVCQXej1p04GWqxH","https://i.scdn.co/image/ab6761610000e5eb075a4c9d6da66addd8247c12","1.Death Of Me"
"Jenő Jandó",1,"5Kb0Qf13EyYtVJvzCdI9M7","https://i.scdn.co/image/34110ec088c4d87c11a5aaa4744ff893bea593e8","1.Piano Sonata No.14 in C-Sharp Minor"
"Jeremy Lubbock",1,NA,NA,"1.Evergreen"
"Jidenna",1,"4TsHKU8l8Wq7n7OPVikirn","https://i.scdn.co/image/ab6761610000e5eb1412a6c6ccf340d8623cd6ab","1.Yoga"
"Jodeci",1,"1eNkUXHPaXyuyC8NAgzykK","https://i.scdn.co/image/b4600df5d140fabc3e596758c9d4c9ccc83326ba","1.Come & Talk To Me"
"Johann Sebastian Bach",1,"5aIqB5nVVvmFsvSdExz408","https://i.scdn.co/image/a2ec08fe69ecec2748fbc764aede8f1b03ae8f88","1.Cello Suite No.1 in G Major"
"John Reilly",1,"0h7ovzTYZqHVB7hDHqQ3nq","https://i.scdn.co/image/ab67616d0000b2733aee0720c254a1d81bc91aa1","1.Joyful Noise"
"John Williams",1,"3dRfiJ2650SZu6GbydcHNb","https://i.scdn.co/image/ab6761610000e5eb86b13e4d2e65ebf694384ef4","1.Theme from Superman"
"Johnta Austin",1,"0DRTDBGl9fBAzVdF1IFA75","https://i.scdn.co/image/ab6761610000e5ebd5a09664d144d2d84f1f2107","1.Shortie Like Mine "
"Jon B.",1,"3SRJWVa6lZnqRHOyAHmDrX","https://i.scdn.co/image/ba476cf040939daadeff4c3a2915b234cd2ee6f3","1.Calling On You"
"Jordan Rakei",1,"24icoQNJSEWNu3XvqKBR68","https://i.scdn.co/image/ab6761610000e5eb47d03ee30e2e04d5f4e75f9f","1.Shadows"
"Jorge Calandrelli",1,NA,NA,"1.Fall Again"
"Joy Oladokun",1,"7rrTqtOUOwva4sgTx9C9F9","https://i.scdn.co/image/ab6761610000e5eb1c71cdfa28fca2fa5b49ddd1","1.Blink Twice"
"Juice WRLD",1,"4MCBfE4596Uoi2O4DtmEMz","https://i.scdn.co/image/ab6761610000e5eb1908e1a8b79abf71d5598944","1.Lucid Dreams"
"Juicy J",1,"5gCRApTajqwbnHHPbr2Fpi","https://i.scdn.co/image/ab6761610000e5eb116fc50265ef72d7e66723a5","1.Bandz A Make Her Dance"
"Jussie Smollett",1,"120Hnh6hOWiIpfL4WDo7nm","https://i.scdn.co/image/ab6761610000e5eba9aceb17c52d236852d2f15d","1.Good Enough"
"Kali Uchis",1,"1U1el3k54VvEUzo3ybLPlM","https://i.scdn.co/image/ab6761610000e5eb51dfdac248da65a860963b68","1.Get You"
"Kandi",1,"0ThrQemMA2B8xxusTUl8IM","https://i.scdn.co/image/ab6761610000e5ebf6c4acab4c1cc0ac78c19339","1.Legs, Hips, Body"
"Kanye West",1,"5K4W6rqBFWDnAN6FQUkS6x","https://i.scdn.co/image/ab6761610000e5eb6e835a500e791bf9c27a422a","1.Good Life"
"Kaskade",1,"6TQj5BFPooTa08A7pk8AQ1","https://i.scdn.co/image/ab6761610000e5ebc96f32c30b4c236b5b9c40fa","1.Lessons In Love"
"Keak Da Sneak",1,"1sPpJhevOYz54gNgeh2LaV","https://i.scdn.co/image/ab6761610000e5eb0d02b22eb2ca5481d5403fd9","1.Tell Me When to Go"
"KeKe Wyatt",1,"0KWcq2E8ejxp78jdfpCd4K","https://i.scdn.co/image/86897fa97f793dbef565ac8c44b0d5d19707079c","1.My First Love"
"Kelis",1,"0IF46mUS8NXjgHabxk2MCM","https://i.scdn.co/image/ab6761610000e5ebd1222863c4217cf03dde3613","1.Milkshake"
"Keri Hilson",1,"63wjoROpeh5f11Qm93UiJ1","https://i.scdn.co/image/d4292e99f89f4a9e75e9723da5a0d592ed307215","1.Slow Dance"
"Keyshia Cole",1,"1vfezMIyCr4XUdYRaKIKi3","https://i.scdn.co/image/ab6761610000e5eb1ab13fdacbb8017ec4087ca9","1.I Changed My Mind"
"Khalid",1,"6LuN9FCkKOj5PcnpouEgny","https://i.scdn.co/image/ab6761610000e5eb24ff450c42d4e36fb34a7631","1.lovely"
"Khia",1,"3q7isf09BuwXLyR2khBs60","https://i.scdn.co/image/ab6761610000e5eb1b833fd95b5771369ae57a61","1.The K-Wang"
"Kiandra Richardson",1,NA,NA,"1.Home Is on the Way"
"Kidd Kidd",1,"2zJoKYyLmhvsq3ORbXE7xF","https://i.scdn.co/image/ab6761610000e5eb9bc8b3b78ab5506ebe6a364e","1.Mrs. Officer"
"Kidsongs",1,"4kFnO9EhFN74EK1a2UH5ZW","https://i.scdn.co/image/ab6761610000e5ebe6a1349717e9e652d8a63100","1.Jingle Bells"
"Kidz Bop Kids",1,"1Vvvx45Apu6dQqwuZQxtgW","https://i.scdn.co/image/ab6761610000e5eb72c72bfa75f2d33c9fb441f9","1.Old Town Road"
"Kings of Leon",1,"2qk9voo8llSGYcZ6xrBzKx","https://i.scdn.co/image/ab6761610000e5eb6fc940f2e99875ced9bafed0","1.Sex on Fire"
"KIRBY",1,"5lcDGoJUr5WY5bCFAfYbCU","https://i.scdn.co/image/ab6761610000e5eb05fe433aad7eef8da0f5819f","1.Loved by You"
"Kizomba da Boa",1,"5s5qErKST3QG1Lsiqg4v3i","https://i.scdn.co/image/ab6761610000e5eb7b42f3fea9437e6027cc3b3a","1.Denovo"
"Kodak Black",1,"46SHBwWsqBkxI7EeeBEQG7","https://i.scdn.co/image/ab6761610000e5eb70c05cf4dc9a7d3ffd02ba19","1.Wake Up in the Sky"
"Krayzie Bone",1,"53B8dEQzmtefvkdCAkO0YR","https://i.scdn.co/image/ab6761610000e5eb0bc1497c23c5612db272540b","1.Ridin'"
"LaBelle",1,"3DznKagEU8yMQZR9z33Da5","https://i.scdn.co/image/ee4abaa4b898c4233b881056fd3caa9ddc87c82d","1.Lady Marmalade"
"Lady Gaga",1,"1HY2Jd0NmPuamShAr6KMms","https://i.scdn.co/image/ab6761610000e5eb60f57316669a4ba12eb37b94","1.Always Remember Us This Way"
"Lecrae",1,"1CFCsEqKrCyvAFKOATQHiW","https://i.scdn.co/image/ab6761610000e5eb5dc4cfdf2285a79b52be64ae","1.Joyful Noise"
"Leon Bridges",1,"3qnGvpP8Yth1AqSBMqON5x","https://i.scdn.co/image/ab6761610000e5ebd5112a5b16a01e971ebb049c","1.Beyond"
"Lil' Mo",1,"5wBDD4FNJvob5fAGkAIQ92","https://i.scdn.co/image/f6cfde24e8dde3bc5eb7efa75d2665419dea64e2","1.I Cry"
"Lil Nas X",1,"7jVv8c5Fj3E9VhNjxT4snq","https://i.scdn.co/image/ab6761610000e5eb0eefd7d68573ea8f0f4db84a","1.SUN GOES DOWN"
"Lily Massie",1,"2kQ4RPZzQ5YVAcWNC162x9","https://i.scdn.co/image/ab6761610000e5eb590b2a563168238434836124","1.Lose"
"Little Mix",1,"3e7awlrlDSwF3iM0WBjGMp","https://i.scdn.co/image/ab6761610000e5eb08cd53940cbf5813ee5fe565","1.Love (Sweet Love)"
"LOONY",1,"0xSfdfhcXN6T8M5gt7VwK0","https://i.scdn.co/image/ab6761610000e5eb39b0e119897f966b84339186","1.either side"
"Loose Ends",1,"4q3lWHEW55hoLJNzZskFVo","https://i.scdn.co/image/ab6761610000e5eb50b7b67c987095c6b17ea60b","1.Hagin' On A String"
"Louis Armstrong",1,"19eLuQmk9aCobbVDHc6eek","https://i.scdn.co/image/ab6772690000c46c4a0e9d5e55f9f3721c3243c5","1.What A Wonderful World"
"Ludwig van Beethoven",1,"2wOqMjp9TyABvtHdOSOTUS","https://i.scdn.co/image/ab6761610000e5eba636b0b244253f602a629796","1.Piano Sonata No.14 in C-Sharp Minor"
"Luniz",1,"3z3g65U7mmyyBmmDfsQK9x","https://i.scdn.co/image/ab67616d0000b273c1ea4aac1ad07a38c59dd30c","1.I Got 5 On It"
"MacFadden & Whitehead",1,NA,NA,"1.Ain't No Stoppin' Us Now"
"Mahalia",1,"16rCzZOMQX7P8Kmn5YKexI","https://i.scdn.co/image/ab6761610000e5ebfee7db9b30ece7ac8b55f6d1","1.Just a Closer Walk with Thee,2.Cheat"
"Mahalia Jackson",1,"6QBUIuGCAJSAtefEY1EEdB","https://i.scdn.co/image/7eba64c0f27b073adbe7f0d0c46dd1880dd8658d","1.Just a Closer Walk with Thee"
"Makaveli",1,"4pmNqFu71wEmFXSsYAiWK8","https://i.scdn.co/image/ab6761610000e5eb2275cee3b8cca367d8e2ea79","1.Me And My Girlfriend "
"Marcia Griffiths",1,"4qLV9FR6ZVLS6W8drD78hM","https://i.scdn.co/image/d8bb4c50b7545c999e1b03a5b724272b4d4314e5","1.Electric Boogie"
"Marian Hill",1,"1xHQO9GJIW9OXHxGBISYc5","https://i.scdn.co/image/ab6761610000e5eb65f01a288ca1ad0194c1e051","1.Down"
"Mario Winans",1,"4BIQA9vRkqXEnA2twmq7mU","https://i.scdn.co/image/ab6761610000e5eb3f716e9a9961e612458b8518","1.I Don't Wanna Know"
"Mark Exodus",1,"5QuaUicw0RJdqHlUJdkQWz","https://i.scdn.co/image/ab6761610000e5eb2c83be17855ecc316146d2b1","1.Denovo"
"Mavis Staples",1,"0cTSCsVx04SSht9V6cpKN0","https://i.scdn.co/image/ab6761610000e5eb56040cbcdbe7161d9cad01ea","1.We Shall Not Be Moved"
"Mecca",1,"6a0Q5bzZXmyosnMi7rHcWh","https://i.scdn.co/image/ab67616d0000b273e108e89840437d452e07ecfe","1.Feelin' It"
"Meek Mill",1,"20sxb77xiYeusSH8cVdatc","https://i.scdn.co/image/ab6761610000e5ebc14756c27212bdea80f6cfac","1.Dangerous "
"Melanie Martinez",1,"63yrD80RY3RNEM2YDpUpO8","https://i.scdn.co/image/ab6761610000e5eb77ecd63aaebe2225b07c89f0","1.Dollhouse"
"Memphis Bleek",1,"4jWzNq3sdzSpqn7BnzvIKn","https://i.scdn.co/image/ab6761610000e5ebab323b375d819c3100579bc3","1.More Money More Cash Moe Hoes"
"Men I Trust",1,"3zmfs9cQwzJl575W1ZYXeT","https://i.scdn.co/image/ab6761610000e5ebfd30ebd7e80dad6b2383aab0","1.Serenade of Water"
"Meshell Ndegeocello",1,"0uZRjholJ0fVC2J9EvnYnj","https://i.scdn.co/image/ab6761610000e5eb0fa524cee563b513fea7adea","1.Bitter"
"Michael Marshal",1,NA,NA,"1.I Got 5 On It"
"Michael Watts",1,"3ICqllVSnxgXNXGwp0GAO0","https://i.scdn.co/image/ab67616d0000b273e38b15da4ddb231d2d72d56b","1.International Players Anthem"
"Mickey Guyton",1,"6nfN5B7Jmi853SHa9106Hz","https://i.scdn.co/image/ab6761610000e5eb6628e473b23aa008b7e45c9c","1.Dancing In The Living Room"
"Migos",1,"6oMuImdp5ZcFhWP0ESe6mG","https://i.scdn.co/image/ab6761610000e5ebf4593f7b778219838d858c34","1.MotorSport"
"Miguel",1,"360IAlyVv4PCEVjgyMZrxK","https://i.scdn.co/image/ab6761610000e5eb4669166b571594eade778990","1.Sure Thing"
"MK xyz",1,"3vwC5qKVfZGqWAXzwrqCe0","https://i.scdn.co/image/ab6761610000e5eb47f2541e6366ca701f7752df","1.Pass It"
"Mobb Deep",1,"6O2zJ0tId7g07yzHtX0yap","https://i.scdn.co/image/ab6761610000e5ebf85a8db4c66d84f796d2afe5","1.Quiet Storm - Remix"
"Moxie Knox",1,"74CYFM6ycgObPCetlhgcbj","https://i.scdn.co/image/ab6761610000e5eb88591eb7bc2167ec78eabf15","1.Thorough"
"Mulan Cast",1,NA,NA,"1.I'll Make a Man Out of You"
"Muni Long",1,"7tjVFCxJdwT4NdrTmjyjQ6","https://i.scdn.co/image/ab6761610000e5ebcf6fe31cd504d31909f25c64","1.Made For Me"
"Myday Parade",1,NA,NA,"1.Jamie All Over"
"N.W.A.",1,"4EnEZVjo3w1cwcQYePccay","https://i.scdn.co/image/4f36d3f900eaf8381b0d3f5febe0e5bf8c94dbea","1.Fuck Tha Police"
"Natasha Bedingfield",1,"7o95ZoZt5ZYn31e9z1Hc0a","https://i.scdn.co/image/ab6761610000e5eb15f48264917c2b09a573ecc7","1.Unwritten"
"Nature",1,"6hOMsNrEKV7FzQpypeZGf5","https://i.scdn.co/image/ab6761610000e5eb247e50459af027fba70d9cc8","1.Phone Tap"
"Naughty Boy",1,"1bT7m67vi78r2oqvxrP3X5","https://i.scdn.co/image/ab6761610000e5eba19c2ed6473d34ac24bd4093","1.No One's Here To Sleep"
"Neil Diamond",1,"7mEIug7XUlQHikrFxjTWes","https://i.scdn.co/image/f4d0fb18cb338eddee6b482779d946183a743b12","1.Sweet Caroline"
"Nelly",1,"2gBjLmx6zQnFGQJCAQpRgw","https://i.scdn.co/image/3677690af58abb70a5c5fd58d69db4d1ad705d4f","1.Hot In Herre"
"Neon Trees",1,"0RpddSzUHfncUWNJXKOsjy","https://i.scdn.co/image/ab6761610000e5eb2781a8f12aac83aaff949017","1.Lessons In Love"
"Nikki Minaj",1,NA,NA,"1.BedRock"
"Oasis",1,"2DaxqgrOhkeH0fpeiQq2f4","https://i.scdn.co/image/ab6761610000e5eb0522e98a6f0cf1ddbee9a74f","1.Wonderwall"
"Offset",1,"4DdkRBBYG6Yk9Ka8tdJ9BW","https://i.scdn.co/image/ab6761610000e5eb628143c3dd14fc995f925d56","1.Ric Flair Drip"
"Omar Apollo",1,"5FxD8fkQZ6KcsSYupDVoSO","https://i.scdn.co/image/ab6761610000e5ebae8080a07532b843b42acec1","1.Ivory"
"P!nk",1,"1KCSPY1glIKqW2TotWuXOR","https://i.scdn.co/image/ab6761610000e5eb7bbad89a61061304ec842588","1.U + Ur Hand"
"Paolo Montalban",1,NA,NA,"1.""Do I Love You Because You're Beautiful"""
"Paramore",1,"74XFHRwlV6OrjEM0A2NCMF","https://i.scdn.co/image/ab6761610000e5ebb10c34546a4ca2d7faeb8865","1.Tell Me How"
"Patrice Rushen",1,"1mNnxxnPfHQDOkFjnZmdkc","https://i.scdn.co/image/ab6761610000e5eb71fda335e8846c853aa669d6","1.Forget Me Nots"
"PAW Patrol",1,"1JPhbKU3boL67fftU3U1ED","https://i.scdn.co/image/ab6761610000e5eb1bbe4af5bcc527e8900ccf5f","1.PAW Patrol Opening Theme"
"Peaches & Herb",1,"6qI4LTzMRpTxRzMZPvv2C6","https://i.scdn.co/image/4e21f76c0f422879a0f63d270a85ece383d18cdb","1.Reunited"
"Phil Collins",1,"4lxfqrEsLX6N1N4OCSkILp","https://i.scdn.co/image/ab6761610000e5ebd4e38c4e3e5c82774740e28d","1.You'll Be In My Heart"
"Pink Sweat$",1,"1W7FNibLa0O0b572tB2w7t","https://i.scdn.co/image/ab6761610000e5eb69bda36cbaa450c1c895b5cc","."
"Pinkfong",1,"7cTXfwpe9peK0UE1bZyIWZ","https://i.scdn.co/image/ab6761610000e5eb730d0b0210405e82447ca082","1.Baby Shark"
"Placebo",1,"6RZUqkomCmb8zCRqc9eznB","https://i.scdn.co/image/ab6761610000e5ebc8b42133fea50275b77f45e2","1.Running Up That Hill"
"PnB Rock",1,"21WS9wngs9AqFckK7yYJPM","https://i.scdn.co/image/ab6761610000e5eb4962230cc9649e2083ac1665","1.Dangerous "
"Porsha Williams",1,"20IZEvkC8RIUphdPVanfZT","https://i.scdn.co/image/ab67616d0000b27361ecdc6bda59622a8aa49509","1.Legs, Hips, Body"
"Post Malone",1,"246dkjvS1zLTtiykXe5h60","https://i.scdn.co/image/ab6761610000e5ebe17c0aa1714a03d62b5ce4e0","1.Wow."
"Pretty Ricky",1,"6XwcepfAsPhrvwziGxhwju","https://i.scdn.co/image/ab6761610000e5ebbe775c460b5cb46870921795","1.On the Hotline"
"Pusha T",1,"0ONHkAv9pCAFxb0zJwDNTy","https://i.scdn.co/image/ab6761610000e5ebc5b88a3924d8318f25f20594","1.Maybe"
"Queen",1,"1dfeR4HaWDbWqFHLkxsg1d","https://i.scdn.co/image/b040846ceba13c3e9c125d68389491094e7f2982","1.Butterflies,2.We Are The Champions,3.XO"
"Queen Naija",1,"3nViOFa3kZW8OMSNOzwr98","https://i.scdn.co/image/ab6761610000e5eb89ce5e0c3069b1fedd827098","1.Butterflies"
"Quincy Jones",1,NA,NA,"1.Ease On Down The Road #1 (The Wiz)"
"Ramsey Lewis",1,"7Kfrmups2Z3ncDQmNS5jRc","https://i.scdn.co/image/024acb5eeb7da486ed3ce3845de2b02939674e93","1.Wade in the Water"
"Ran Pink",1,NA,NA,"1.Happily Divorced Theme Song"
"Ravyn Lenae",1,"5RTLRtXjbXI2lSXc6jxlAz","https://i.scdn.co/image/ab6761610000e5eb9eb16dee0598c2d96820df68","1.Skin Tight"
"Red Rosamond & Aaron Babs",1,NA,NA,"1.Better"
"Refugee Camp All-Stars",1,"7Jkv0oBbEmxtNnLsxT7NMt","https://i.scdn.co/image/ab67616d0000b273458282805fe7267fa6d59d2b","1.The Sweetest Thing"
"Rene Hall",1,NA,NA,"1.Cupid"
"Reneé Rapp",1,"2hUYKu1x0UZQXvzCmggvSn","https://i.scdn.co/image/ab6761610000e5eb4aed33b212aa2368af8818bf","1.Talk Too Much"
"Rhye",1,"2AcUPzkVWo81vumdzeLLRN","https://i.scdn.co/image/ab6761610000e5eb8e2b3c095f8a891f4dd86a7b","1.Beautiful"
"Rick Ross",1,"1sBkRIssrMs1AbVkOJbc7a","https://i.scdn.co/image/ab6761610000e5eb8196a8109c28a8b8aca28fae","1.Stay Schemin"
"Rina Sawayama",1,"2KEqzdPS7M5YwGmiuPTdr5","https://i.scdn.co/image/ab6761610000e5eb8cb645e0a77bf015feda7fb9","1.Chosen Family"
"Robyn",1,"6UE7nl9mha6s8z0wFQFIZ2","https://i.scdn.co/image/ab6761610000e5ebbc142401994ad4c5ddbf7829","1.Call Your Girlfriend"
"Roddy Ricch",1,"757aE44tKEUQEqRuT6GnEB","https://i.scdn.co/image/ab6761610000e5eb9c30c6b69a55d48decd71600","1.How"
"Roger",1,"3GMoVpWJy4smKuxFuFTwXC","https://i.scdn.co/image/2b05e39a5c645fbbe2e7a73de886ac8b08d74e73","1.California Love "
"Roman GianArthur",1,"7hgRzsQGjlm1zifNoigyB9","https://i.scdn.co/image/8346ac26edb6d8745dcd69849816e15658c6e3c4","1.Electric Lady"
"Roscoe Dash",1,"0bfX8pF8kuHNCs57Ms4jZb","https://i.scdn.co/image/ab6761610000e5eb2c240396ef0dbbc48da7550b","1.No Hands"
"Said The Sky, The Maine",1,NA,NA,"1.Go on Then, Love"
"Sam Cooke",1,"6hnWRPzGGKiapVX1UCdEAC","https://i.scdn.co/image/ab6761610000e5eb41aaa3a05d2ddba59454273e","1.Cupid"
"Sam Smith",1,"2wY79sveU1sp5g7SokKOiI","https://i.scdn.co/image/ab6761610000e5ebf057d1dce23e7f4d5d0f32e5","1.Diamonds"
"Sarah Jeffery",1,"0uqrdF1UCmMshSk6veOa5K","https://i.scdn.co/image/ab6761610000e5ebb6c8a43fd9cf45bd0516bd3f","1.Queen of Mean"
"Scarface",1,"19KwjzvIL92r29IINtlPNP","https://i.scdn.co/image/ab6761610000e5ebae0c2f874279460a00c476c6","1.I Seen a Man Die"
"Seal",1,"5GtMEZEeFFsuHY8ad4kOxv","https://i.scdn.co/image/ab6761610000e5ebe29f9c69aad50e33fa61805a","1.Kiss from a Rose"
"Selena Gomez",1,"0C8ZW7ezQVs4URX5aX7Kqx","https://i.scdn.co/image/ab6761610000e5ebc3c753851496854e29abff7a","1.Ice Cream"
"Seun Kuti",1,"1GQur7dDvAWhKT9u9YwBJZ","https://i.scdn.co/image/ab6761610000e5eb2decf6bb084874a8b6ad4985","1.Float"
"Sevana",1,"2TZL5FEo1CGwmgdMSFwsdS","https://i.scdn.co/image/ab6761610000e5eb26e4f43449ff33592410f93b","1.Mango"
"Sevyn Streeter",1,"6If57j6e3TXXk0HiLcIZca","https://i.scdn.co/image/ab6761610000e5eb828eb691b7b2f505895be472","1.Wet Dreamz"
"Sexyy Red",1,"3DbwFQlvLxRSi2uX8mf81A","https://i.scdn.co/image/ab6761610000e5ebd341871daa2c688ea24dcf02","1.SkeeYee"
"Sezairi",1,"51sob9QZyfLff9XqvYluN5","https://i.scdn.co/image/ab6761610000e5eb7c6a6dac609e807fb0f26a74","1.It's You"
"Shabba Ranks",1,"3j7Sw80qzL2FJlryUhI3wG","https://i.scdn.co/image/6bcd5939ed5e9a9bbab3e74a114d265385ec9df7","1.Mr. Loverman"
"Shy Glizzy",1,"1DvtabXAjfrMihPP6JQdHs","https://i.scdn.co/image/ab6761610000e5ebe93affad572c31a8fcaeceb6","1.Crew"
"Silk",1,"3Z71jEhwoPE4xzzUNhKKGD","https://i.scdn.co/image/ab67616d0000b273efd26d83666ecba2ca4fc1c5","1.If You,2.Love's Train"
"Silk Sonic",1,"6PvvGcCY2XtUcSRld1Wilr","https://i.scdn.co/image/ab6772690000c46ca3ebb27ba9a55044f32af6e1","1.Love's Train"
"Sinéad Harnett",1,"6tUJpYN2aYiXbzAcg0pIOo","https://i.scdn.co/image/ab6761610000e5eb4639560d1662e8246f5a5701","1.If You Let Me"
"Sisqo",1,"6x9QLdzo6eBZxJ1bHsDkjg","https://i.scdn.co/image/65c4f2d897d65c2236ddc7ab761887910f8ac02f","1.Thong Song"
"Skip Marley",1,"4ryoUS0W8qXokfMxrlJt6O","https://i.scdn.co/image/ab6761610000e5eb84b0e917bda343819091079b","1.Slow Down"
"sky",1,"2CfhN5oSdaZIGfe2KTq2yB","https://i.scdn.co/image/ab6761610000e5eba255142d5c6356d6b16486a1","1.over and over"
"Sleeping At Last",1,"0MeLMJJcouYXCymQSHPn8g","https://i.scdn.co/image/ab6761610000e5eb4a32bec7d51c0ca91969987e","1.Neptune"
"Smokey Robinson & The Miracles",1,"6TKOZZDd5uV5KnyC5G4MUt","https://i.scdn.co/image/6e1b939d6fcf5acf070fb266729458171eb46edf","1.I Second That Emotion"
"Snoop Dogg",1,"7hJcb9fa4alzcOq3EaNPoG","https://i.scdn.co/image/ab6761610000e5eb9a398209a4ef3360dce2dec4","1.Drop It Like It's Hot"
"Soarito",1,"4Gbn1gCF4FzZ08ST13lesv","https://i.scdn.co/image/ab6761610000e5eba74131e2d1e91a24b3cbe2b3","1.Denovo"
"Solange",1,"2auiVi8sUZo17dLy1HwrTU","https://i.scdn.co/image/ab6761610000e5eb631cf0aa859e5a20e836f14f","1.Electric Lady"
"Somi",1,"6UYqtBD79GpmqjttbzV6iA","https://i.scdn.co/image/ab6761610000e5eb4b8ead5ad881e1bea371ccd9","1.Ginger Me Slowly"
"Sonny & Cher",1,"71lGEtP9qYXDsSXjfexTqO","https://i.scdn.co/image/ad4df17118081886d4b98d847f8e6a4ae3d23417","1.I Got You Babe"
"Speak Low",1,"7dTlDQGBnl0lY4Yindh1GT","https://i.scdn.co/image/ab6761610000e5eb8076b088e4c16d112ad3aba7","1.Contrasting Colors"
"Stacie Orrico",1,"5QjWgYDeKNP2iPHTdTttnG","https://i.scdn.co/image/b62374f1fcbf54da582c4ca53808fb8cde54cda4","1.(There's Gotta Be) More to Life"
"Star Cast",1,"6UKDgKJpv0MCwiQHbllkfR","https://i.scdn.co/image/ab6761610000e5eb84b678929e2e9537c5c97615","1.This & That"
"Steve Lacy",1,"57vWImR43h4CaDao012Ofp","https://i.scdn.co/image/ab6761610000e5eb09ac9d040c168d4e4f58eb42","1.Skin Tight"
"Superchick",1,"0TeuSnc3TJ2P2Vn8UOgovp","https://i.scdn.co/image/ab67616d0000b2730fba0a3ab7c41031a622f5ce","1.One Girl Revolution"
"Swishahouse",1,"7qpbQKIG4ghU6YXxB5kI6r","https://i.scdn.co/image/ab67616d0000b273e38b15da4ddb231d2d72d56b","1.International Players Anthem"
"Syd",1,"3jk39CGeaaSO3FPKNx1RUx","https://i.scdn.co/image/ab6761610000e5ebe6fda2022b01ffe8a0966131","1.Body"
"SYML",1,"6AyATGg7mDgBlZ4N5uNog0","https://i.scdn.co/image/ab6761610000e5ebfd0ed3a35e1358b436664de6","1.Where's My Love - Alternate Version"
"T.I.",1,"4OBJLual30L7gRl5UkeRcT","https://i.scdn.co/image/ab6761610000e5eb12057d342f33c61b3768f2bc","1.Blurred Lines"
"Tank",1,"4mwXUEKaW4ftbncf9Hi58l","https://i.scdn.co/image/ab6761610000e5ebc7537d562467571fb30863c7","1.Come Over"
"Tarzan ",1,NA,NA,"1.You'll Be In My Heart"
"Tavares",1,"3LfO03nEZMdWNHG2tLpMa0","https://i.scdn.co/image/657139eb6fd4b5ddc68d7954d8b0672948b6f791","1.Heaven Must Be Missing An Angel"
"TEEKS",1,"4ofg0wyo4TjuNtWQ5XxZhJ","https://i.scdn.co/image/ab6761610000e5eb54fa284e4db9c0ac5c1c9962","1.First Time"
"Teena Marie",1,"61UT1Zj9dFgPAjZfwnsqsb","https://i.scdn.co/image/a9b9bec541637d4391f0f418c16354d60781d18a","1.Fire And Desire"
"The 1975",1,"3mIj9lX2MWuHmhNCA7LSCW","https://i.scdn.co/image/ab6761610000e5eb89348336354096fd4e36ca73","1.Somebody Else"
"The Aces",1,"2AmfMGi3WZMxqFDHissIAe","https://i.scdn.co/image/ab6761610000e5ebe53503955c1c8df77c642eea","1.New Emotion"
"The Archies",1,"33QmoCkSqADuQEtMCysYLh","https://i.scdn.co/image/ab67616d0000b273fbc98da6995bb0a504ed363d","1.Sugar Sugar"
"The Beatles",1,"3WrFJ7ztbogyGnTHbHJFl2","https://i.scdn.co/image/ab6761610000e5ebe9348cc01ff5d55971b22433","1.Good Night"
"The Boys Choir Of Harlem",1,"7Cp14KBRtDwGucKNPUyT11","https://i.scdn.co/image/5d0ab7e3c89ce5476694c2982ea7e378fa7075ba","1.Kumbaya My Lord"
"The Cab",1,"2C2sVVXanbOpymYBMpsi89","https://i.scdn.co/image/ff6eb786aff45ab50e9820fe39f359656640888e","1.Temporary Bliss"
"The Dramatics",1,"2W8UTum7bU7ue6m0r14H97","https://i.scdn.co/image/ab6761610000e5ebd15f13462e344608adf2b103","1.In The Rain"
"THE DRIVER ERA",1,"5bmqhxWk9SEFDGIzWpSjVJ","https://i.scdn.co/image/ab6761610000e5eb2c4ee365ce781d60f04e6aa0","1.A Kiss"
"The Japanese House",1,"3IunaFjvNKj98JW89JYv9u","https://i.scdn.co/image/ab6761610000e5eb8de9980dfb508eede9e2fc46","1.Saw You In A Dream"
"The Jungle Book Cast",1,NA,NA,"1.I Wan'na Be Like You "
"The Kiboomers",1,"1qKLikeNYpQFSsDAjg7HpI","https://i.scdn.co/image/ab6761610000e5eb14ed16382b6c781aa0db51bc","1.Do Your Ears Hang Low?"
"The Lion King Cast",1,NA,NA,"1.Circle of Life"
"The LOX",1,"0A7g2YbCA9FlyZvAG6VmKP","https://i.scdn.co/image/ab6761610000e5ebdeaecca1879726b131fd71c9","1.Money, Power & Respect"
"The Maine",1,"4o0pNHbyj36LPvukNqEug0","https://i.scdn.co/image/ab6761610000e5eb990dc33f52f5ff36042876f4","1.Bad Behavior,2.Go on Then, Love"
"The Neptunes",1,"0KuF7reCTOZwV7YJnHQqgr","https://i.scdn.co/image/ab6761610000e5ebcf7dcb181fc5db70e2252aac","1.Hit Different"
"The Pussycat Dolls",1,"6wPhSqRtPu1UhRCDX5yaDJ","https://i.scdn.co/image/ab6761610000e5eb292575f7d081016e04dff9ee","1.Don't Cha"
"The Staple Singers",1,"7xGGqA85UIWX1GoTVM4itC","https://i.scdn.co/image/9de56ba0f97bd8a1cc7a42756dc58978c4f9962f","1.This Little Light Of Mine"
"The Supremes",1,"57bUPid8xztkieZfS7OlEV","https://i.scdn.co/image/5c5dc3f7b4569a7727a63a44513c7a602b72da44","1.Stranger In Paradise"
"The Veronicas",1,"1dIdBZaaHRW2bDTkHNfWln","https://i.scdn.co/image/ab6761610000e5eb613ef8433650f59ff40a0349","1.Untouched"
"The Weeknd",1,"1Xyo4u8uXC1ZmMpatF05PJ","https://i.scdn.co/image/ab6761610000e5eb9e528993a2820267b97f6aae","1.Coming Down"
"The Whispers",1,"2XzHxDFTNywDd5ReMhgxkg","https://i.scdn.co/image/ab6761610000e5ebecec2d976b375dc259980f10","1.Rock Steady"
"Thee Sacred Souls",1,"0oK5D6uPhGu4Jk2dbZfodU","https://i.scdn.co/image/ab6761610000e5eb1a99219498d5119b0e742b19","1.Weak for Your Love"
"Thirdstory",1,"7GJbWH8vhhuW22707B8HsW","https://i.scdn.co/image/ab6761610000e5eb85d655f7fd1f599911d45891","1.Grows Old"
"Toni Braxton",1,"3X458ddYA2YcVWuVIGGOYe","https://i.scdn.co/image/ab6761610000e5eb89773feeaeff0e1cb4951d37","1.You Mean the World to Me"
"Tony! Toni! Toné!",1,"7vWlb4pM85jCHvV771qZZW","https://i.scdn.co/image/0052c043eab388b7bcecdc5e9ef859c1dfe0f148","1.Anniversary"
"Too $hort",1,"4sb7rZNN93BSS6Gqgepo4v","https://i.scdn.co/image/ab6761610000e5ebe1000f5b1cde8889cf4dc44b","."
"Toots & The Maytals",1,"6ZFv3wQwwWPiVDWhv0mjQK","https://i.scdn.co/image/ab6761610000e5eb346451ca43eb84f810f13b96","1.Take Me Home, Country Roads"
"Tori Kelly",1,"1vSN1fsvrzpbttOYGsliDr","https://i.scdn.co/image/ab6761610000e5eb544ba0da8dbe879efa20bcb9","1.Real Thing"
"Trey Songz",1,"2iojnBLj0qIMiKPvVhLnsH","https://i.scdn.co/image/ab6761610000e5ebfd7cca32a58a9bb263fb5c4a","1.Save It"
"Trinidad James",1,"0I5HubncQ8E1MFZOlPDY4J","https://i.scdn.co/image/ab6761610000e5eb0e152f74885845e942a7a6df","1.I Luv This Shit "
"Tweet",1,"6zDBeei6hHRiZdAJ6zoTCo","https://i.scdn.co/image/9cf78b831ef3a4c193148c73cafaf847010467ab","1.Oops (Oh My)"
"Twista",1,"6vbY3hOaCAhC7VjucswgdS","https://i.scdn.co/image/ab6761610000e5eb9180d83c13785479032d5b97","1.Adrenaline Rush"
"Two Door Cinema Club",1,"536BYVgOnRky0xjsPT96zl","https://i.scdn.co/image/ab6761610000e5eb86faeb97a905a571b2c361a0","1.Handshake"
"Tyler Shaw",1,"3jERgGiTwNAPxNmDasAb31","https://i.scdn.co/image/ab6761610000e5eb8e2bb86aadad93d39f501f4d","1.With You"
"Tyrese",1,"08p7B5OtcUuVblvkQIlBhJ","https://i.scdn.co/image/ab6761610000e5eb6221ce47f1ef9b22dd1cbc69","1.Sweet Lady"
"V. Bozeman",1,"4Nc3svccPWQ7nSBSu39rBI","https://i.scdn.co/image/ab6761610000e5eb3e78c1e23f177d0a2ce1827c","1.Smile"
"VÉRITÉ",1,"1Fr6agZ6iSM5Ynn2k4C8sc","https://i.scdn.co/image/ab6761610000e5eb1e9c5c07c1244a637929678c","1.Somebody Else"
"Vusi Mahlasela",1,"7tUdxVCUWjTPf3Ic90eWDJ","https://i.scdn.co/image/ab6761610000e5ebb71fb233764b978109c935a6","1.Say Africa"
"Waka Flocka Flame",1,"6f4XkbvYlXMH0QgVRzW0sM","https://i.scdn.co/image/ab6761610000e5eb098d901516df803fdfa7bb74","1.No Hands"
"Wale",1,"67nwj3Y5sZQLl72VNUHEYE","https://i.scdn.co/image/ab6761610000e5eb204ce9bb25bd19a056cac78a","1.No Hands"
"Wallows",1,"0NIPkIjTV8mB795yEIiPYL","https://i.scdn.co/image/ab6761610000e5ebc83bf2d64390a022f70674e1","1.Remember When"
"Will Smith",1,"41qil2VaGbD194gaEcmmyx","https://i.scdn.co/image/ab6761610000e5eb8e855437abd38da7f93f9ef1","1.Gettin' Jiggy Wit It"
"will.i.am",1,"085pc2PYOi8bGKj0PNjekA","https://i.scdn.co/image/ab6761610000e5ebc9ab8da6f7a3ce02f0b16fd8","1.OMG"
"WILLOW",1,"3rWZHrfrsPBxVy692yAIxF","https://i.scdn.co/image/ab6761610000e5eb19d0f58755eaf68afbf677f2","1.Wait a Minute!"
"Wizkid",1,"3tVQdUvClmAT7URs9V3rsp","https://i.scdn.co/image/ab6761610000e5eb9050b61368975fda051cdc06","1.Essence"
"Wreckx-N-Effect",1,"6lLYZf9GpSq6Pf09g2N2xK","https://i.scdn.co/image/95c94f681f85092cb32bfac5cf727553b6faea0c","1.Rump Shaker"
"Xavier Omär",1,"3UjPnt2nRmw10N58bBeNOg","https://i.scdn.co/image/ab6761610000e5eb00587faf46df52005ad47ea8","1.Afraid"
"Xscape",1,"5z2cHsOmmmWcAPNG1oEhw0","https://i.scdn.co/image/e40197aeda853d1d769828b7e89fa07c32029808","1.My Little Secret"
"xx",1,NA,NA,"1.Storm (Forecass),2.Angels"
"Years & Years",1,NA,NA,"1.King"
"YG",1,"0A0FS04o6zMoto8OKPsDwY","https://i.scdn.co/image/ab6761610000e5ebc28a1368220e0da021f8433c","1.Slide"
"Yo-Yo Ma",1,"5Dl3HXZjG6ZOWT5cV375lk","https://i.scdn.co/image/ab6761610000e5ebfb0fcd51414e7bbe85e00b6f","1.Cello Suite No.1 in G Major"
"Yo Gotti",1,"6Ha4aES39QiVjR0L2lwuwq","https://i.scdn.co/image/ab6761610000e5eb38197044dd7bdb898225e6d7","1.Maybe"
"young friend",1,"7cq0a4di5dOeKU8sicemd1","https://i.scdn.co/image/ab6761610000e5ebf2f992e7037dceb828baccfe","1.PINCH ME"
"Young Money",1,"5OrB6Jhhrl9y2PK0pSV4VP","https://i.scdn.co/image/ca134959a6212f3931540a4c59a08e5c0774978d","1.BedRock"
"Yseult",1,"1QsdzIKkTT5gDFj8GB1cIX","https://i.scdn.co/image/ab6761610000e5eb8793b791daa511fd224591ca","1.NÉON ROUGE"
"Yung Bleu",1,"3KNIG74xSTc3dj0TRy7pGX","https://i.scdn.co/image/ab6761610000e5eb81f9556c8a37f37541337e52","1.Paradise"
"Yussef Dayes",1,"2rspptKP0lPBdlJJAJHqht","https://i.scdn.co/image/ab6761610000e5eb30c9e2fb48c800af589de019","1.Nightrider"
"ZaRio",1,"6xJclKbQEgAqVVviMClHAh","https://i.scdn.co/image/ab6761610000e5eb0b2cd57db27a47b351157dc1","1.She Don't Know Love"
"Zedd",1,"2qxJFvFYMEDqd7ui6kSAcq","https://i.scdn.co/image/ab6761610000e5ebe6d6f36e6be274af881e3dd0","1.365"
"Zendaya",1,"6sCbFbEjbYepqswM1vWjjs","https://i.scdn.co/image/fba29219867535aaed72b65c2cb363040cb98103","1.Replay"
"Zoë Kravitz",1,"4G4om3U7TKES0hDBQYYVy7","https://i.scdn.co/image/6e44ac3044a618d26fa48b53ec021546537774e9","1.Screwed"
